date,day,country,first_case_date,cum_cases,new_cases,alpha_i,alpha_d,t_i,t_d,t_max,I_max_d,I_final_d,I_max_c,alpha_c,beta_c,fc_0,fc_1,fc_2,fc_3,fc_4,fc_5,fc_6,fc_7,t_convergence,assessment
2020-04-30,66,"Afghanistan",2020-02-24,1939,111,0.09,2.77,52,66,65,115,0,23481,0.0221146784700823,10.8724011619698,1970.11002997761,2025.82723765522,2082.72071442425,2141.31723649398,2201.63650651364,2263.66221619929,2327.37307240739,2392.74488952959,0,0
2020-04-30,52,"Albania",2020-03-09,766,16,0.11,3.53,16,28,26,25,16,1153,0.0451132005548126,4.46324537444694,774.237257957977,789.270878909879,804.115557149287,818.77129135367,833.238589242261,847.518423589664,861.612189828729,875.521665393053,45,0
2020-04-30,65,"Algeria",2020-02-25,3848,199,0.24,2.81,32,39,37,146,103,5794,0.0512528574760543,12.9431114023812,3842.30698418823,3935.28591659306,4027.04621730672,4117.58198756763,4206.89210409986,4294.97978432676,4381.85216614417,4467.5199046952,0,0
2020-04-30,59,"Andorra",2020-03-02,743,0,0.38,0.12,17,40,25,31,0,773,0.106846734287285,17.9023045294129,748.119565142915,750.259476326206,752.182192885055,753.909080729938,755.459540604063,756.851161343683,758.099866892882,759.22005598467,37,0
2020-04-30,41,"Angola",2020-03-20,27,0,4.5,1.07,15,17,16,4,0,29,0.0914585510179966,3.86032755419046,27.1286206899042,27.4308829757708,27.725235674841,28.012270063675,28.2925416559072,28.5665708558843,28.8348439247295,29.097814179777,33,0
2020-04-30,48,"Antigua and Barbuda",2020-03-13,24,0,3.83,0.39,20,24,21,3,0,25,0.127123075782456,10.7685917418758,24.4809216385344,24.5736607251076,24.66269232652,24.748446679376,24.8313051567534,24.9116056297646,24.9896472662873,25.0656948259591,0,0
2020-04-30,60,"Armenia",2020-03-01,1932,65,0.14,3.05,24,34,32,66,46,3144,0.042244042471708,6.84568741639786,1923.41059444238,1966.74248031917,2009.64856375718,2052.12078231615,2094.15268328923,2135.73932956983,2176.87720527814,2217.5641219084,0,0
2020-04-30,95,"Australia",2020-01-26,6752,8,0.32,0.21,54,68,61,393,16,6767,0.150168840715559,8024.48176122008,6753.00680709625,6763.32558180466,6773.29797887645,6782.97488075662,6792.39961039314,6801.60906701359,6810.63468968054,6819.50327483656,71,0
2020-04-30,65,"Austria",2020-02-25,15402,45,0.33,0.17,23,38,29,787,64,15384,0.126631940470831,41.9283147395039,15351.8463144821,15394.408469096,15435.6509578656,15475.7381977924,15514.8140488057,15553.0043791672,15590.419315026,15627.1552115362,48,0
2020-04-30,60,"Azerbaijan",2020-03-01,1766,49,0.16,1.58,31,41,39,91,39,1962,0.0915089245425984,31.2087786363718,1774.61878800886,1803.14390984504,1830.96256684972,1858.1236035142,1884.67360729122,1910.65680350338,1936.11500215981,1961.08758676862,0,0
2020-04-30,45,"Bahamas",2020-03-16,80,0,0.11,4.09,13,41,40,3,0,115,0.0585002044565969,4.87544768230269,81.4125841210131,82.1979250238112,82.952284174308,83.6761328103331,84.3700259529433,85.0345899362261,85.6705108917232,86.2785241811754,34,0
2020-04-30,66,"Bahrain",2020-02-24,2921,110,0.28,2.77,45,51,50,158,90,181646,0.0117493898853283,8.89011958335755,3094.22089511061,3216.14535986746,3340.82689664765,3468.31911753955,3598.67493520349,3731.94649969466,3868.18513600229,4007.44128242203,0,0
2020-04-30,53,"Bangladesh",2020-03-08,7103,641,0.21,0.03,39,39,51,513,0,17379,0.0749558336651918,48.5218318065692,7534.16646973654,8026.92630177965,8514.06373917188,8994.06912055894,9465.66972551301,9927.81106738607,10379.6371447346,10820.4705715161,46,0
2020-04-30,44,"Barbados",2020-03-17,80,0,0.1,0.56,5,22,17,4,1,82,0.120978928612582,4.5180523007046,80.3697299769388,80.7545778162869,81.1294191142304,81.495359006919,81.8533840879687,82.2043743852699,82.549114281055,82.8883024374772,29,0
2020-04-30,62,"Belarus",2020-02-28,13181,973,0.69,0,32,32,45,454,356,68812,0.0416913544373893,22.0564959010429,13796.7682450829,14493.5034709359,15200.7356593149,15917.42229688,16642.5036039008,17374.9108972813,18113.5744745129,18857.4309585377,54,0
2020-04-30,86,"Belgium",2020-02-04,47859,525,0.34,0.28,48,83,64,1390,0,61692,0.0645966830782237,63.6253716231995,48605.5834474008,49109.3819872425,49565.3647799576,49979.269855911,50356.3915329529,50701.4286767272,51018.4382350697,51310.8584437155,69,0
2020-04-30,38,"Belize",2020-03-23,18,0,0.3,4.86,17,22,21,3,0,19,0.185788473872437,15.8927059675972,18.5071580361213,18.5254464582132,18.5406608003393,18.5533140072832,18.5638346068972,18.572580236061,18.5798491152448,18.5858897453869,0,0
2020-04-30,45,"Benin",2020-03-16,64,0,4.09,4.09,34,36,35,12,1,113,0.0483586095392651,4.93558300171286,65.7825383104395,67.1626013886077,68.5227435213541,69.8624939133213,71.1814832341613,72.4794369622404,73.756168697263,75.0115735134444,35,0
2020-04-30,55,"Bhutan",2020-03-06,7,0,3.33,3.33,20,28,24,0,0,8,0.0533022945139162,3.18444230045964,6.93650397817469,7.00187166523454,7.0659798472038,7.12887314040915,7.19059572141692,7.25119119118092,7.31070245805971,7.36917163808815,0,0
2020-04-30,50,"Bolivia",2020-03-11,1110,96,0.12,3.67,36,47,46,71,49,111647,0.0147871397955521,9.64314846582251,1177.53130083778,1243.18270082976,1311.00177090515,1381.0583851895,1453.42225557742,1528.16280770777,1605.34905578089,1685.04947677452,42,0
2020-04-30,56,"Bosnia and Herzegovina",2020-03-05,1677,92,0.17,3.27,21,29,28,59,42,2013,0.0667152409231371,9.57134233755039,1672.62378105393,1704.96273173549,1736.71522966305,1767.90303688555,1798.54824478474,1828.6730825056,1858.29975146487,1887.45028372975,0,0
2020-04-30,31,"Botswana",2020-03-30,23,0,2.88,3.75,9,11,10,5,1,29,0.0849933377362969,2.82964943179432,23.839611206409,24.2778818253664,24.7035716202348,25.117345410164,25.5198638055735,25.9117770855854,26.2937203063859,26.6663094819104,0,0
2020-04-30,64,"Brazil",2020-02-26,79685,6450,0.11,0,53,53,62,4560,853,1591996,0.0207506374212503,11.4206402422798,83349.4381975956,88406.1481930459,93607.442372023,98951.0931624671,104434.80613266,110056.238127569,115813.011086475,121702.721987277,0,0
2020-04-30,52,"Brunei",2020-03-09,138,0,3.53,0.17,1,16,3,9,0,139,0.161090169077512,3.69724354312997,138.229619203301,138.24395493004,138.25612080495,138.266445129581,138.275206583452,138.282641707856,138.288951265958,138.294305646473,26,0
2020-04-30,53,"Bulgaria",2020-03-08,1447,48,0.05,3.46,28,51,49,54,42,5721,0.0237948342515281,4.96088881980719,1469.80384654642,1514.8207265027,1560.03096793109,1605.41802632358,1650.96539621095,1696.65664809747,1742.47546225303,1788.40566069495,0,0
2020-04-30,51,"Burkina Faso",2020-03-10,641,3,0.65,3.6,9,36,32,20,7,712,0.0835566671685245,6.50682627270556,651.342495064318,657.090008712563,662.672706630101,668.101821397954,673.387974471693,678.541183950214,683.570877359197,688.485908329094,42,0
2020-04-30,34,"Burma",2020-03-27,150,0,5.45,5.45,14,28,21,9,1,220,0.0888020058966509,6.4025156592453,158.369859369705,160.999867382387,163.500668654996,165.876928365853,168.133762642095,170.27660056679,172.311066291714,174.242879712723,0,0
2020-04-30,30,"Burundi",2020-03-31,11,0,3.51,6.21,21,23,22,6,0,12081,0.00835225246297099,8.85343067977772,12.0037812063216,12.3841653599128,12.7833527572656,13.202075719178,13.6410852849496,14.1011512712456,14.583062313624,15.0876258903083,0,0
2020-04-30,41,"Cabo Verde",2020-03-20,114,0,4.5,4.5,25,27,26,33,4,145,0.126805509259484,44.2555969397403,117.519967825498,121.11054793317,124.552982864907,127.858189546355,131.037116238853,134.100492695141,137.058649968906,139.921396982297,33,0
2020-04-30,94,"Cambodia",2020-01-27,122,0,1.94,1.94,49,56,53,12,1,123,0.173946247913795,10000,122.765669709022,123.184871934708,123.603033411199,124.020320144876,124.436871684144,124.852805330068,125.268219678747,125.683197600925,64,0
2020-04-30,55,"Cameroon",2020-03-06,1832,127,0.91,3.33,26,29,28,133,51,3244,0.0463855357485749,8.22885832401491,1820.2227337968,1870.31760984356,1919.94068717559,1969.07168974946,2017.69324713695,2065.79075437737,2113.35222483322,2160.36813834754,0,0
2020-04-30,95,"Canada",2020-01-26,52865,1715,0.19,1.91,62,89,86,1668,1590,93635,0.0490805661726006,61.3311948860621,54203.5086124097,55720.494982478,57220.8507254895,58704.1093013027,60169.8967691801,61617.9259313455,63047.9903966886,64459.9586416336,85,0
2020-04-30,42,"Chad",2020-03-19,52,0,4.39,4.39,23,25,24,7,2,192,0.0355870796236698,5.7885939045853,54.3535714578883,56.4783443828399,58.6123163017847,60.7536794789483,62.9006589384195,65.0515191031107,67.2045697431683,69.3581712400025,31,0
2020-04-30,99,"China",2020-01-22,83944,4,0.54,0.06,9,34,15,4543,0,82729,0.143726008278142,9.72880171493945,83366.4398489159,83394.9223791622,83421.7783052303,83447.100231969,83470.9755197725,83493.486579117,83514.7111487465,83534.7225584066,73,0
2020-04-30,55,"Colombia",2020-03-06,6207,258,0.07,0.01,39,39,53,265,174,15116,0.0381000955822669,7.52183585709806,6340.6295226662,6582.00662665774,6823.67151245731,7065.4586668593,7307.20897220898,7548.77005396146,7789.99656466033,8030.75040642315,0,0
2020-04-30,46,"Congo (Brazzaville)",2020-03-15,207,0,0.16,4,28,39,37,17,4,340,0.0727964347707291,11.9385691232576,220.425940048014,225.600694455916,230.630841793923,235.517548613455,240.262804848566,244.869296279315,249.340286933048,253.679511820713,0,0
2020-04-30,50,"Congo (Kinshasa)",2020-03-11,491,20,0.06,3.67,24,47,46,19,16,1080,0.0380379244759103,5.46981719292565,499.406259642658,514.693277228687,529.912882508181,545.057976705231,560.121977778121,575.098815406055,589.982923350463,604.769229526882,0,0
2020-04-30,55,"Costa Rica",2020-03-06,713,8,0.82,0.71,12,38,24,23,6,753,0.0910714568172361,8.12625638178252,717.403969426677,721.728450073763,725.924030220514,730.000980318862,733.968829323761,737.836405482282,741.611876988173,745.30279214956,39,0
2020-04-30,50,"Cote d'Ivoire",2020-03-11,1238,55,0.14,2.79,22,44,42,47,34,2348,0.0493548891711528,7.49685010368513,1277.14882683381,1313.15109637545,1348.76088442769,1383.96145873047,1418.73873131778,1453.08111695363,1486.97938536351,1520.42650969025,36,0
2020-04-30,65,"Croatia",2020-02-25,2062,15,0.65,0.19,24,52,32,69,5,2236,0.0880690296694812,23.0856385757135,2079.18229698029,2089.55016695128,2099.12832635537,2108.00004949004,2116.23966076977,2123.91335334106,2131.08000046584,2137.79193122227,43,0
2020-04-30,49,"Cuba",2020-03-12,1467,30,0.2,3.75,20,44,42,54,32,2309,0.0614416670662438,8.89024682081219,1514.16430593347,1549.19645429765,1583.52692912897,1617.15666727131,1650.08994662018,1682.33398442113,1713.89855753747,1744.79564661533,42,0
2020-04-30,52,"Cyprus",2020-03-09,843,6,0.15,0.19,16,37,27,34,5,931,0.0894804213343733,8.95417681317819,854.980208641128,860.609182743383,865.943646114719,871.011452168851,875.837634420277,880.44471168601,884.852960413751,889.080656710997,43,0
2020-04-30,60,"Czechia",2020-03-01,7579,75,0.31,3.05,18,40,37,262,97,8034,0.0894211577354695,14.1106610964737,7619.69049107207,7687.70430406869,7754.13275672364,7819.09729694983,7882.71122195199,7945.08002776429,8006.30178150559,8066.46750677638,46,0
2020-04-30,63,"Denmark",2020-02-27,9206,157,0.1,2.54,28,42,40,351,168,12112,0.0537645989765742,8.00056896835498,9373.74358020019,9521.1488760326,9666.02960085074,9808.44655798394,9948.46338670388,10086.145969414,10221.5618931717,10354.7799630285,50,0
2020-04-30,83,"Diamond Princess",2020-02-07,712,0,0.38,2.2,7,12,11,95,1,713,0.262109924577902,7.59235442937503,713.254956996355,713.76104723105,714.267137426264,714.7732275911,715.279317732562,715.78540785604,716.29149796568,716.797588064672,71,0
2020-04-30,43,"Djibouti",2020-03-18,1077,5,0.45,0.72,26,32,29,111,18,1154,0.194774527527138,232.930104154162,1099.49204515166,1112.79624913862,1125.35726479767,1137.29907744974,1148.72600527192,1159.72552305135,1170.3707602169,1180.72269332035,36,0
2020-04-30,39,"Dominica",2020-03-22,16,0,1.36,1.71,2,5,3,4,0,16,0.232525912297993,2.43836877011319,15.9973647702824,16.0603180136536,16.1231952067848,16.1860121234048,16.2487812663183,16.3115125454085,16.3742138152036,16.4368913010593,22,0
2020-04-30,60,"Dominican Republic",2020-03-01,6652,236,0.11,3.05,34,50,49,269,189,12576,0.0485720511445494,11.5085259551819,6889.95319369204,7083.65442702666,7275.28913888618,7464.77636513464,7652.048206853,7837.04911940706,8019.73517505755,8200.07331030376,52,0
2020-04-30,60,"Ecuador",2020-03-01,24675,417,1.61,3.05,52,55,54,5428,359,262052685,0.00861888697273726,15.4585101123066,26606.7774071048,27935.4610179845,29346.8175121788,30845.9087783822,32438.0435702258,34128.7855894102,35923.9616135696,37829.6696581532,0,0
2020-04-30,42,"El Salvador",2020-03-19,377,32,0.11,0,23,23,28,12,0,1234,0.0364595483767033,5.77264332435598,382.363357977482,399.323334777272,416.413647727475,433.615120012573,450.909323235394,468.278610715994,485.706141283262,503.175894714755,0,0
2020-04-30,46,"Equatorial Guinea",2020-03-15,315,0,2.44,4,10,12,11,39,10,2272694,0.0151447262067537,17.6522605137736,358.873771266565,391.131680366148,426.690268497437,465.881770005296,509.064023866445,556.621647612244,608.96719376129,666.542281865898,0,0
2020-04-30,40,"Eritrea",2020-03-21,39,0,0.24,4.62,9,15,14,4,0,39,0.184840164826723,6.83070449902308,39.0798558763925,39.2832015388397,39.4846230243169,39.6844434787097,39.8829320015754,40.0803126164445,40.2767717737107,40.4724646194568,26,0
2020-04-30,63,"Estonia",2020-02-27,1666,6,0.1,2.9,25,38,37,73,24,1859,0.0747509203390943,10.8480560740019,1693.56638560439,1710.94550025433,1727.95652032131,1744.62159969588,1760.9618682565,1776.99743278592,1792.74738667405,1808.22982678572,51,0
2020-04-30,47,"Eswatini",2020-03-14,91,20,0.91,3.91,10,14,13,6,3,32185334,0.00819616775479029,18.9844361794488,90.8612510882471,97.0733165967432,103.773667424745,111.006474317049,118.819408912585,127.263876614908,136.395261338392,146.273182473978,0,0
2020-04-30,48,"Ethiopia",2020-03-13,130,4,0.09,3.83,21,37,36,6,2,183,0.0624627047983252,6.3537353256685,134.143636080013,136.462841054983,138.727587001726,140.93907242987,143.098621156086,145.207658900612,147.26769207249,149.280288669031,0,0
2020-04-30,42,"Fiji",2020-03-19,18,0,4.39,4.39,13,19,16,2,0,19,0.118162332377538,4.32385300809888,18.4397049702197,18.5355859733764,18.6284054468204,18.7184898596591,18.8061323531863,18.8915958250023,18.9751157981757,19.0569030734459,0,0
2020-04-30,92,"Finland",2020-01-29,4906,166,0.1,1.98,57,73,71,156,112,7344,0.0477102220907523,33.0316458565145,4992.89382571417,5094.35023969484,5194.46089782816,5293.22988276379,5390.66494783274,5486.77716169436,5581.58056865505,5675.09186566224,71,0
2020-04-30,97,"France",2020-01-24,166543,-2510,0.04,1.88,51,84,82,6509,2864,215146,0.0679784164193729,147.273446226783,175066.429558639,177608.194439418,180089.514404054,182512.901848415,184880.867403972,187195.903125117,189460.468286724,191676.977534571,0,0
2020-04-30,47,"Gabon",2020-03-14,276,38,0.75,0,30,30,42,14,0,5356,0.0238725721010264,9.33580334550557,282.392346264659,299.146580732322,316.362804054189,334.044644524648,352.194776270904,370.814908442833,389.905779328799,409.467155232566,0,0
2020-04-30,44,"Gambia",2020-03-17,10,0,3.85,4.19,24,26,25,3,0,14,0.0555689843880104,3.13907752692426,10.5892495820037,10.6835044506432,10.7745443408008,10.8624490158894,10.9473021111355,11.0291903007364,11.1082025438233,11.1844294054528,0,0
2020-04-30,64,"Georgia",2020-02-26,517,6,0.09,2.86,38,52,51,22,12,1243,0.0345979148967944,7.79954948677812,537.205633454042,550.817834399384,564.375335178212,577.871383864985,591.299637386282,604.654160965095,617.929425563485,631.12030351513,0,0
2020-04-30,94,"Germany",2020-01-27,161539,1627,0.22,0.12,53,75,63,5875,1022,171025,0.088575258172277,269.496517686598,161976.981846708,163022.774418579,164022.025740666,164978.70023568,165896.443248338,166778.603050059,167628.252057114,168448.20712499,70,0
2020-04-30,47,"Ghana",2020-03-14,1671,0,3.91,3.46,35,36,35,206,64,16288,0.02594755467512,7.56973115457888,1789.46973342774,1874.41580571961,1960.92591956676,2048.96725328061,2138.50376189267,2229.49635086739,2321.90305902593,2415.67924913571,0,0
2020-04-30,64,"Greece",2020-02-26,2576,10,0.13,0.3,21,42,33,88,27,2775,0.0761980929068487,10.5506891407203,2589.29805981128,2609.7617695021,2629.73768161362,2649.2576571943,2668.35164992557,2687.0478156793,2705.37261088212,2723.35088278065,49,0
2020-04-30,39,"Grenada",2020-03-22,20,1,4.74,1.75,3,5,4,4,0,17,0.123642833685568,2.31046661318397,18.4056530021111,18.6651365097222,18.9228285441861,19.1789320465746,19.4336275312262,19.6870754395279,19.9394182747393,20.190782531619,0,0
2020-04-30,47,"Guatemala",2020-03-14,557,27,0.15,2.03,34,43,42,41,16,36438,0.0176318275053749,9.44165042968946,603.845595954425,635.159415278526,667.728513525022,701.589032440363,736.776246991182,773.324553870188,811.26738983653,850.637142571657,0,0
2020-04-30,48,"Guinea",2020-03-13,1351,111,1.58,3.83,12,15,14,50,45,9892,0.0342697330159397,10.3992653425443,1409.18589808549,1479.863660294,1552.0018710719,1625.53477392283,1700.39244807068,1776.50130908145,1853.78461377781,1932.16296414696,41,0
2020-04-30,36,"Guinea-Bissau",2020-03-25,205,132,1.49,5.14,22,25,24,40,17,185669602,0.00531345059980277,17.396436155708,168.821029250887,182.006436038221,195.521923559339,209.389413368606,223.632132209544,238.27467971524,253.343099013835,268.864950330504,0,0
2020-04-30,49,"Guyana",2020-03-12,78,4,0.01,3.75,-61,37,35,3,3,111,0.0606221314921678,6.31637990412492,81.2775582559874,83.4985014838267,85.688223885536,87.8473535209516,89.9765914164028,92.0766988755773,94.1484859078584,96.1928007436108,0,0
2020-04-30,41,"Haiti",2020-03-20,76,0,0.1,2.54,20,35,33,4,1,253,0.0325593012145545,4.32262289489952,80.4416804893465,82.2552587727763,84.0720911004106,85.8904959740835,87.7088407015118,89.5255450451025,91.3390843705234,93.1479923142146,0,0
2020-04-30,55,"Holy See",2020-03-06,10,0,3.33,0.6,17,21,18,1,0,9,0.124517718012815,11.3878127874656,9.56475212439332,9.63372361048688,9.70204226218678,9.76978322827379,9.83701314064364,9.90379104991212,9.97016926489325,10.036194104296,0,0
2020-04-30,50,"Honduras",2020-03-11,738,36,0.33,3.67,16,23,21,29,19,919,0.0588767043907681,6.21241236168777,716.081452941856,731.772160616282,747.217414441868,762.421843855902,777.390642030935,792.129472703003,806.644384828052,820.941734886472,0,0
2020-04-30,57,"Hungary",2020-03-04,2727,78,0.14,3.21,29,39,38,114,78,4883,0.0487663843326076,9.22329447692879,2817.78406403795,2893.77401346964,2968.90195203564,3043.14508195631,3116.48524833448,3188.90864190738,3260.40549889112,3330.96980139994,48,0
2020-04-30,62,"Iceland",2020-02-28,1797,2,0.35,0.47,17,40,30,72,5,1870,0.112507938709833,18.4699121758552,1821.74485466527,1825.6146643474,1829.32548647903,1832.89385349876,1836.33460932889,1839.66107736139,1842.88521197928,1846.01773543153,0,0
2020-04-30,91,"India",2020-01-30,33062,1738,0.14,0,73,73,88,1657,762,115169,0.0413875030288803,54.1450126599116,34690.6075003063,36409.8024766259,38138.0672994739,39873.318417751,41613.5643643559,43356.9091330683,45101.5545511029,46845.8017737837,80,0
2020-04-30,59,"Indonesia",2020-03-02,9771,260,0.1,3.1,33,47,45,372,319,24756,0.0387581279244141,9.01283830323464,10174.7521766576,10509.0971571764,10842.4127409686,11174.4895685671,11505.1309691716,11834.1530736887,12161.3848366596,12486.6679756835,51,0
2020-04-30,71,"Iran",2020-02-19,93657,1073,0.09,0.36,29,49,42,2876,1242,114511,0.0548686368900722,9.40514528146176,95225.9148111832,96311.1137089867,97375.6424666625,98420.2200126475,99445.5595576241,100452.366903177,101441.33874716,102413.161067902,60,0
2020-04-30,66,"Iraq",2020-02-24,2003,75,0.13,2.77,31,45,43,77,38,2285,0.0632902091468681,12.5130679292179,1974.69507621275,2004.28969039645,2033.34116833112,2061.87106055729,2089.90083182017,2117.45174566973,2144.5447663221,2171.20047615147,0,0
2020-04-30,61,"Ireland",2020-02-29,20253,376,0.12,0.99,36,48,45,929,499,33607,0.0563149237896729,14.647029604697,21132.5083316656,21647.7414346844,22154.4535494913,22652.5937817526,23142.1519251744,23623.1544380019,24095.6605560367,24559.758576637,0,0
2020-04-30,69,"Israel",2020-02-21,15834,106,0.5,0.06,31,57,37,601,0,16984,0.0906986237486184,44.1600505413034,15856.4753144129,15983.9395322984,16103.2491229373,16214.9021315046,16319.3711207212,16417.1035797199,16508.522508072,16594.0271337922,61,0
2020-04-30,90,"Italy",2020-01-31,203591,2086,0.25,0.06,42,72,53,5548,1436,226466,0.0638243831693697,38.0738630194474,203892.740131303,205687.674031897,207422.979837348,209101.617996649,210726.442484398,212300.199483233,213825.526916438,215304.954712335,82,0
2020-04-30,50,"Jamaica",2020-03-11,396,32,3.67,0.87,34,37,35,28,20,2851811,0.00905754747858639,13.9006756137543,432.066932398352,460.465355627253,490.190056523646,521.321573933438,553.944265298098,588.146421600605,624.020381599131,661.662645382499,0,0
2020-04-30,99,"Japan",2020-01-22,13895,159,0.02,1.84,32,96,94,460,161,31296,0.0437363281077175,56.0096868196071,14881.2659234103,15198.936515092,15513.2425392528,15823.9652898503,16130.8896022992,16433.8211177373,16732.5883484716,17027.0422284659,0,0
2020-04-30,58,"Jordan",2020-03-03,451,2,0.36,0.15,14,30,21,21,3,446,0.114327897807252,13.2761611219233,446.846302882871,448.786731611222,450.678502547484,452.527020661329,454.33709457625,456.113001081036,457.858542991083,459.577100966663,0,0
2020-04-30,48,"Kenya",2020-03-13,384,10,0.68,3.83,18,21,20,25,10,513,0.0615708774567883,6.21207838271558,386.397699725584,394.885201809688,403.223473083392,411.415590643859,419.464987030377,427.375387065906,435.150750376877,442.795219427217,0,0
2020-04-30,99,"Korea, South",2020-01-22,10765,4,0.41,0.34,35,45,40,696,56,10399,0.117111620221844,113.449652588462,10604.940780719,10633.4004113759,10661.8010524647,10690.149213579,10718.4506869071,10746.7106260996,10774.9336165082,10803.1237377299,0,0
2020-04-30,35,"Kosovo",2020-03-26,510,0,0.17,1.9,15,23,21,44,0,665,0.0870783128259155,3.52071292615409,540.071990802709,543.736920846943,547.137587253894,550.289825873688,553.209052516115,555.910173876238,558.407521454842,560.714804966999,0,0
2020-04-30,66,"Kuwait",2020-02-24,3740,300,0.12,0,48,48,56,146,5,293070,0.0143343344670168,11.2642498847601,3927.30856517428,4144.0313708587,4367.57824873093,4598.02950378923,4835.47054488818,5079.99139570566,5331.68614666492,5590.65236639297,57,0
2020-04-30,43,"Kyrgyzstan",2020-03-18,729,21,0.14,4.29,17,26,25,37,19,984,0.0720026980055073,6.4425998898484,749.452173898983,766.268695447525,782.711320423398,798.7915555105,814.521711374142,829.91469113643,844.98380433014,859.742604742622,34,0
2020-04-30,37,"Laos",2020-03-24,19,0,5,5,-1,20,11,1,0,20,0.12386476409238,2.20398937305016,19.4552309004239,19.4783477842146,19.4988161942589,19.5169349519405,19.5329701780599,19.5471586458275,19.5597108413199,19.570813744605,0,0
2020-04-30,59,"Latvia",2020-03-02,849,13,0.27,0.92,17,33,28,31,13,868,0.085414510961768,10.4083645205932,838.832688327438,847.502721846043,856.012434885407,864.373534149672,872.59698255682,880.693028228697,888.671235720828,896.540518670924,0,0
2020-04-30,69,"Lebanon",2020-02-21,721,4,0.19,0.39,25,38,32,31,8,739,0.08914594823228,17.1530510976829,721.680281421571,726.642186912333,731.519619455956,736.319374329379,741.04773249209,745.710494194132,750.313011292381,754.860218154069,48,0
2020-04-30,45,"Liberia",2020-03-16,141,0,4.09,2.06,22,24,23,10,5,203,0.0800671342573823,13.9928207774058,144.635500322372,149.313275945582,153.887947985731,158.36142130745,162.73614598001,167.015010647356,171.201246912779,175.29834459919,38,0
2020-04-30,37,"Libya",2020-03-24,61,0,1.14,5,21,23,22,12,1,83,0.0814952979322016,4.73804958406856,64.2978197771347,65.2851026408463,66.2366826498281,67.1541967764246,68.0393049891966,68.8936703496969,69.7189424802406,70.5167440388468,0,0
2020-04-30,57,"Liechtenstein",2020-03-04,82,0,3.21,3.21,13,20,16,7,1,81,0.165861650728904,17.4255094810057,81.901165234087,82.3203507522409,82.7384430158538,83.1556088346619,83.5719896026483,83.9877051602495,84.4028570725489,84.8175314109501,41,0
2020-04-30,62,"Lithuania",2020-02-28,1375,31,0.02,0.12,-10,61,44,41,12,1556,0.087604359210363,19.2933783185439,1457.2119031295,1474.12488533463,1490.23040563216,1505.57421379763,1520.20178683137,1534.15795297622,1547.48655935391,1560.23018730195,0,0
2020-04-30,61,"Luxembourg",2020-02-29,3769,28,0.86,0.23,18,37,23,165,21,3770,0.119506357534338,24.736337892952,3752.33843712715,3766.26517286048,3779.80536095437,3793.00499626824,3805.90440827242,3818.53899378427,3830.93984909516,3843.13431612957,52,0
2020-04-30,41,"Madagascar",2020-03-20,128,0,4.5,4.5,2,19,11,5,2,131,0.120458382566058,4.11332373804671,128.499235473557,129.521932361925,130.523648734727,131.506666118625,132.473028120447,133.424563019987,134.362904715913,135.289512023325,23,0
2020-04-30,28,"Malawi",2020-04-02,36,0,2.11,6.67,20,21,21,10,0,194,0.0334483774147224,4.10841841538397,38.668390723874,39.9822053672519,41.3143592874619,42.6633264117827,44.0275623376825,45.405512137895,46.7956178052491,48.1963253000179,0,0
2020-04-30,96,"Malaysia",2020-01-25,5945,94,1.89,1.11,49,81,61,153,57,6588,0.073255782158005,113.871379195879,6001.61140629964,6050.14598946614,6097.39536720147,6143.43488560837,6188.33655149526,6232.16902116365,6274.99761924654,6316.88438233561,81,0
2020-04-30,53,"Maldives",2020-03-08,278,28,0.4,3.46,45,49,48,37,21,2083578,0.0164755133121029,21.2487843959427,318.304130969107,354.830968065503,394.798882509473,438.589298299827,486.616025504895,539.326904914795,597.205428482775,660.77232426228,0,0
2020-04-30,36,"Mali",2020-03-25,482,58,5.14,1.69,23,25,24,33,25,3227,0.0331368548143673,6.34239503930888,504.333396142543,532.484263484156,561.056888134356,590.030470917293,619.383188050662,649.092330423555,679.134442459595,709.485459325322,0,0
2020-04-30,54,"Malta",2020-03-07,463,5,0.09,1.95,20,36,33,22,5,547,0.0718448504359946,6.3248082887915,476.189912697021,480.693564075456,485.070643808463,489.327945800796,493.472038060416,497.509249274425,501.4456595261,505.287094559154,0,0
2020-04-30,47,"Mauritania",2020-03-14,8,1,3.91,0.91,11,16,13,1,0,7,0.129736686308814,3.80166021178698,7.68024954433968,7.72119982395395,7.76174759986406,7.80194127416707,7.84182348990882,7.88143180221406,7.92079927446915,7.95995500715925,0,0
2020-04-30,43,"Mauritius",2020-03-18,332,-2,0.08,4.29,8,23,22,23,2,346,0.149399211568842,6.54188294631591,339.582746497465,341.009383872212,342.406065117633,343.776890452201,345.125405728579,346.454675607418,347.767347538732,349.065707581025,0,0
2020-04-30,53,"Moldova",2020-03-08,3771,133,0.32,3.46,23,38,36,127,123,6043,0.0581655593680297,10.7260737505303,3847.18549566628,3959.11946545661,4069.43004295975,4178.10149994826,4285.1269725582,4390.50759128956,4494.25163904504,4596.37374434317,46,0
2020-04-30,61,"Monaco",2020-02-29,95,0,3,3,20,42,31,4,0,99,0.123897956740872,30.2732674790714,96.4940258156782,96.6446399609603,96.7860789106119,96.9193882862967,97.0454969975264,97.165229726937,97.2793182018181,97.3884113415133,0,0
2020-04-30,51,"Mongolia",2020-03-10,38,0,3.6,0.76,34,37,35,6,0,129,0.0253197493432172,4.13598659132063,40.478338248094,41.2277129145065,41.9783104832464,42.7297253823883,43.4815587366501,44.2334199724607,44.9849278227753,45.7357110215598,0,0
2020-04-30,44,"Montenegro",2020-03-17,322,1,0.16,1.24,11,21,18,22,3,334,0.128208137244013,6.4876395636539,326.389797482903,328.533295421678,330.629552182974,332.684071467614,334.701735187384,336.68686926703,338.643303524895,340.574425906755,34,0
2020-04-30,59,"Morocco",2020-03-02,4321,69,0.09,0.45,36,55,49,191,49,11535,0.0405913814421349,10.3103909804575,4531.06731226233,4646.19445447196,4759.14776550075,4870.37336916284,4980.14858072216,5088.63228129322,5195.90368286935,5301.99031345817,0,0
2020-04-30,39,"Mozambique",2020-03-22,76,0,4.74,4.74,32,35,34,12,0,54955,0.0110881559292176,10.0065472584233,82.6664454986545,85.9441225650497,89.4221505211634,93.109911516898,97.0170515308404,101.153478580059,105.529360430052,110.155121798504,0,0
2020-04-30,33,"MS Zaandam",2020-03-28,9,0,5.62,5.62,3,5,4,6,0,16,0.0264979877340737,1,9.6751831282234,9.73044636265114,9.78483159390076,9.83833810226209,9.89096603467317,9.94271636205779,9.99359083742718,10.0435919548126,0,0
2020-04-30,47,"Namibia",2020-03-14,16,0,3.91,0.44,9,21,10,1,0,17,0.163230661543137,5.87691386721828,16.2345310805118,16.2374175462261,16.2398695600325,16.2419525191653,16.2437219667908,16.2452250824813,16.2465019446511,16.2475866009225,0,0
2020-04-30,96,"Nepal",2020-01-25,57,3,0.24,1.89,81,89,87,5,1,269,0.0381137747220046,57.516654740941,61.5430357028961,64.0381530075869,66.5586211291782,69.1012422794963,71.6628264300059,74.2402089983897,76.8302671495472,79.4299346727196,0,0
2020-04-30,63,"Netherlands",2020-02-27,38998,386,0.29,0.31,22,59,41,1074,0,50189,0.0613505304958937,11.2768109261455,39684.8055103451,40024.0241216645,40333.2806657348,40616.7991165257,40878.1366591682,41120.222615634,41345.4385541432,41555.7111626905,55,0
2020-04-30,62,"New Zealand",2020-02-28,1476,2,0.56,0.43,24,41,32,77,7,1501,0.150393260858796,114.296297311407,1485.54150992601,1489.94470235778,1494.22078989542,1498.3874252892,1502.4598082401,1506.45102937718,1510.37236423424,1514.23352527946,46,0
2020-04-30,42,"Nicaragua",2020-03-19,13,0,4.39,4.39,8,12,10,1,0,19,0.0463669158748725,2.81452176058883,13.1713371250956,13.4240472278081,13.6734421688131,13.9195350417432,14.162347193288,14.4019074306371,14.6382512641952,14.8714201874878,34,0
2020-04-30,41,"Niger",2020-03-20,713,4,0.31,0.42,14,24,19,54,7,711,0.184432582422497,28.540649621925,711.366012777569,715.775234907525,720.060736800999,724.243311942264,728.340254721139,732.365952447851,736.332375589128,740.249484431365,34,0
2020-04-30,62,"Nigeria",2020-02-28,1728,196,0.82,2.95,21,26,25,62,55,32201045,0.00879135335921855,17.0445579274286,1787.84271739207,1895.569091015,2009.68149004228,2130.61825577338,2258.84232260684,2394.84221480329,2539.13306014297,2692.25761940566,0,0
2020-04-30,64,"North Macedonia",2020-02-26,1442,21,0.1,1.92,35,52,50,61,24,2044,0.0600586672479404,14.9122084840905,1489.36642649084,1514.55915002578,1539.1882689995,1563.26536028679,1586.80325051903,1609.81579644062,1632.3176846932,1654.32425045737,0,0
2020-04-30,64,"Norway",2020-02-26,7710,50,0.15,0.3,17,39,30,260,66,8049,0.081651369049851,9.63570748815415,7724.92288979473,7772.54774112456,7819.08517294594,7864.61465908129,7909.21014281965,7952.94040824222,7995.86942084947,8038.0566429207,42,0
2020-04-30,66,"Oman",2020-02-24,2274,143,0.14,2.2,46,58,56,114,94,8634,0.0384593906494627,16.6189636188688,2404.33509396528,2510.83536744261,2617.83218463198,2725.22292455217,2832.90694293401,2940.78601288521,3048.76471617902,3156.75078567194,0,0
2020-04-30,51,"Panama",2020-03-10,6378,357,0.11,3.6,21,34,32,233,185,10639,0.0499769255287075,6.83624549018383,6481.02727167971,6653.76554473575,6824.45891249049,6993.06966732888,7159.57019816624,7323.94225097192,7486.17619468749,7646.27029958795,0,0
2020-04-30,41,"Papua New Guinea",2020-03-20,8,0,0.41,4.5,21,28,27,2,0,11,0.0954137328230914,12.3205314242111,8.75267395084802,9.02601396265344,9.29246456962662,9.55238660765833,9.80614817074612,10.0541184052854,10.2966625113751,10.5341377998838,0,0
2020-04-30,53,"Paraguay",2020-03-08,239,0,0.07,3.46,24,41,40,11,3,328,0.0580618076705084,6.36937641235554,245.258193861938,248.817073168119,252.293895389855,255.690568922847,259.009137578396,262.251754227423,265.420656887529,268.518147152867,0,0
2020-04-30,55,"Peru",2020-03-06,33931,2741,3.33,1.55,12,15,13,1105,947,171972,0.0377197568465088,13.148532412426,34966.1127950249,36502.3696744679,38060.1557107512,39637.5438739847,41232.5765505676,42843.2783268702,44467.6681355574,46103.7706850957,0,0
2020-04-30,91,"Philippines",2020-01-30,8212,254,0.32,2,57,64,62,355,201,9873,0.0691455837483919,119.656712944847,8221.54839697556,8377.86518477937,8531.15270822557,8681.53089795315,8829.12091977978,8974.04414157421,9116.4212505825,9256.37150739954,0,0
2020-04-30,57,"Poland",2020-03-04,12640,422,0.16,0.91,23,36,33,387,352,18627,0.0560208339065513,9.79482561844093,12864.4122606566,13173.6313499158,13478.1543081097,13778.0106385495,14073.2459506053,14363.920038751,14650.1050728248,14931.8839044104,49,0
2020-04-30,59,"Portugal",2020-03-02,24505,183,0.34,3.1,21,40,37,818,470,28354,0.0765882946950888,13.6991884164219,24832.7742347937,25194.3569148113,25547.7650108095,25893.4462914357,26231.8356459419,26563.353540445,26888.4048714799,27207.378160641,48,0
2020-04-30,61,"Qatar",2020-02-29,12564,643,0.13,2.98,48,59,58,866,605,28602247,0.0102154794719749,14.3816524809738,13503.305799216,14364.0276016107,15263.4106583016,16203.6333284028,17186.9613726591,18215.7502222587,19292.4464561145,20419.5891508818,54,0
2020-04-30,64,"Romania",2020-02-26,11978,362,0.24,2.86,29,52,50,362,323,17453,0.0573774460834267,15.2836428518272,12197.3193706079,12483.9468100571,12765.9754609221,13043.4460671353,13316.4146212039,13584.9504162092,13849.1342221084,14109.0565897696,55,0
2020-04-30,90,"Russia",2020-01-31,99399,5841,0.21,2.02,74,90,88,6268,0,433777,0.0471668959940627,101.919575275533,104032.801891455,107681.33280647,111317.295827528,114990.115086036,118698.239487049,122433.280905495,126186.157276831,129947.962733912,83,0
2020-04-30,47,"Rwanda",2020-03-14,225,13,0.65,3.91,7,10,9,9,5,269,0.0507356452425688,3.44456727534975,214.525828824166,218.612316197006,222.645679529979,226.62680602612,230.556672214421,234.436331028695,238.266899826027,242.049549327055,0,0
2020-04-30,36,"Saint Kitts and Nevis",2020-03-25,15,0,4.42,3.81,4,6,5,4,0,15,0.147799554268095,2.57040771126337,15.1153896692614,15.2432401226469,15.3695683336334,15.494580040591,15.6184535827414,15.741343444081,15.8633833662522,15.9846890755009,22,0
2020-04-30,47,"Saint Lucia",2020-03-14,17,2,3.91,0.87,14,17,15,3,0,15,0.279684233475062,55.5424291564641,16.1517686051499,16.2133542159487,16.2749027389553,16.3364232218935,16.3979225054161,16.4594057614222,16.5208769001047,16.5823388777262,0,0
2020-04-30,47,"Saint Vincent and the Grenadines",2020-03-14,16,1,3.91,3.91,19,27,23,1,0,14,0.233275787187111,164.126555382965,14.9037131585621,15.0049140782266,15.1054528453753,15.2054668359984,15.305064989996,15.4043336729757,15.5033413387984,15.6021422348109,0,0
2020-04-30,63,"San Marino",2020-02-27,563,10,0.11,2.9,15,27,26,16,11,1025,0.0309461011299427,4.25668790518494,571.475167294198,581.881067558108,592.21892857858,602.486962385533,612.683560801488,622.807289552873,632.856882181326,642.831233798913,52,0
2020-04-30,59,"Saudi Arabia",2020-03-02,21402,1325,0.18,0.01,45,45,54,1248,853,11293790,0.012950067708394,13.3887307383309,23327.7040720619,24966.4111784976,26673.3224964746,28451.4472479394,30303.9481347953,32234.1336863012,34245.4503363093,36341.4744795825,0,0
2020-04-30,59,"Senegal",2020-03-02,882,59,0.23,3.1,51,58,57,78,0,11591256,0.00603379633616513,13.7113600341074,855.242740352814,879.726181127632,905.48551516177,932.588808102944,961.096927957178,991.072511865818,1022.58044010217,1055.68791306832,0,0
2020-04-30,55,"Serbia",2020-03-06,6630,0,0.17,3.33,29,45,44,379,0,8078,0.1023877301819,33.773299012347,6935.8154564217,6974.52119660332,7009.81526649589,7041.96672141383,7071.22937054654,7097.84141983996,7122.02544375182,7143.98861110218,0,0
2020-04-30,47,"Seychelles",2020-03-14,11,0,0.6,3.91,3,6,5,1,0,11,0.125139496858385,1.74957534858468,11.1484041195451,11.2006620521109,11.2525873800545,11.304218962336,11.3555911454195,11.4067342811852,11.4576751867599,11.508437552472,38,0
2020-04-30,30,"Sierra Leone",2020-03-31,104,0,0.24,6.21,19,25,24,12,4,202,0.100791327291668,12.5603355607101,112.270689269494,117.615116507569,122.804303185914,127.83213136849,132.695562431169,137.394174870885,141.929720004912,146.305708279412,0,0
2020-04-30,98,"Singapore",2020-01-23,15641,690,0.24,0.86,83,92,89,1099,663,108248,0.037988355732496,77.5203388266018,17068.7817318154,18020.6930004728,18990.0190326753,19975.7459973376,20976.7555404748,21991.8652899932,23019.8514767225,24059.4635823007,0,0
2020-04-30,55,"Slovakia",2020-03-06,1391,7,0.08,3.33,25,49,48,54,5,2749,0.0410342136350294,5.8641060835216,1460.64662818606,1481.55566661836,1502.14179213593,1522.39426298448,1542.30380150258,1561.86252780627,1581.06389111483,1599.90259950297,0,0
2020-04-30,56,"Slovenia",2020-03-05,1418,10,1.57,0.31,5,38,12,38,9,1524,0.0779092571873128,5.18713419448362,1430.49013014356,1438.46193326351,1446.19231172186,1453.69902059002,1460.99833555381,1468.10523658633,1475.03355412668,1481.79608734387,41,0
2020-04-30,45,"Somalia",2020-03-16,582,54,0.43,4.09,32,36,35,53,37,1388,0.0836144025619983,38.3287533082972,615.782053329546,655.238918448908,694.272043739743,732.789599206921,770.715002925513,807.986291766162,844.555222803621,880.386189271351,0,0
2020-04-30,56,"South Africa",2020-03-05,5350,354,0.44,3.27,18,22,21,224,127,30601,0.0217854419341573,6.07420790298946,5384.98688491969,5550.4845337828,5717.58746642675,5886.23617742138,6056.36961574947,6227.92534681795,6400.83971341823,6575.04799504489,0,0
2020-04-30,25,"South Sudan",2020-04-05,34,0,1.63,0.88,22,25,23,12,6,996920551,0.0248749459915163,31.8972776812355,48.6002618461037,66.1832325163374,90.0919509686283,123.133557907086,169.061141856396,232.924341674589,321.48890784641,443.750758721849,0,0
2020-04-30,89,"Spain",2020-02-01,236899,4771,0.22,0.24,49,64,57,8206,4010,256104,0.0761049846504985,98.2797043174571,235840.357078616,238731.838226553,241564.106919959,244340.751047005,247065.189407079,249740.673350253,252370.289308314,254956.962110802,0,0
2020-04-30,94,"Sri Lanka",2020-01-27,649,30,0.31,1.94,86,92,90,57,22,13520113,0.0055092042062268,16.870768318051,643.788527943961,672.348124979404,701.777555527845,732.122480389986,763.423917607804,795.723430996738,829.063932122598,863.489831656028,0,0
2020-04-30,48,"Sudan",2020-03-13,375,57,2.47,0,39,39,44,35,24,253643,0.0213041676349912,18.144764294574,418.128500129506,466.298830900621,518.107212822784,573.876729512884,633.946736052458,698.672472920542,768.424560409724,843.588372904752,41,0
2020-04-30,47,"Suriname",2020-03-14,10,0,3.91,3.91,5,11,8,1,0,10,0.24039212526104,6.27927132280676,10.05298060849,10.0806830290324,10.1083714103732,10.1360487521862,10.1637174132614,10.1913792484152,10.2190357161599,10.2466879633726,20,0
2020-04-30,90,"Sweden",2020-01-31,20302,681,0.13,0,57,57,68,526,263,43468,0.0369374929139275,21.2142803611206,20857.0202556729,21432.8596330186,22005.9084576272,22575.9102917872,23142.6299707796,23705.8529312082,24265.3845054247,24821.0491882793,70,0
2020-04-30,65,"Switzerland",2020-02-25,29407,143,0.4,0.11,21,44,28,1127,24,30306,0.0981442570763754,19.9527114166233,29447.9513090522,29535.833042324,29616.5212662505,29690.6773282629,29758.9055932528,29821.7576222246,29879.7361882685,29933.2991042729,38,0
2020-04-30,39,"Syria",2020-03-22,43,0,0.05,4.74,2,31,29,2,0,56,0.0745229467261329,3.68861120184933,44.7378549082922,45.1027554621687,45.4489204886361,45.7772105952287,46.0884838782972,46.3835893656672,46.6633615927486,46.9286161871144,0,0
2020-04-30,99,"Taiwan*",2020-01-22,429,0,0.59,0.21,55,69,60,21,2,438,0.102420555513372,453.939999414043,430.875340615506,432.17888880969,433.447999599606,434.686107589525,435.896297313308,437.081340313663,438.243728041543,439.385701089925,78,0
2020-04-30,45,"Tanzania",2020-03-16,480,181,4.09,4.09,12,14,13,54,17,497,0.12866623574548,89.7582957207267,443.711342294605,457.851744941021,471.435743887446,484.501382736495,497.087859270896,509.23433990197,520.979079180833,532.358792241713,0,0
2020-04-30,99,"Thailand",2020-01-22,2947,9,0.58,0.27,57,76,64,124,19,2990,0.112469800006908,1571.94590265932,2947.41789789363,2959.9829434878,2972.1996840756,2984.10580680454,2995.73479626368,3007.11643583711,3018.2772412558,3029.24083726673,83,0
2020-04-30,39,"Timor-Leste",2020-03-22,24,0,1.57,4.74,24,26,25,8,0,24,0.376582994246876,10000,24.3679338022428,24.5882007887322,24.8050342429335,25.0195085775141,25.2323626547884,25.4441042369376,25.6550821064192,25.8655357657299,26,0
2020-04-30,55,"Togo",2020-03-06,109,10,0.15,2.5,24,34,32,6,2,111,0.0801749265859329,8.93273972698794,105.615096884976,106.898130995059,108.153842054804,109.383954645178,110.590113444584,111.77388224233,112.936743942072,114.080101372662,0,0
2020-04-30,47,"Trinidad and Tobago",2020-03-14,116,0,1.05,0.21,5,13,7,12,0,116,0.164729384337076,4.91580530341546,115.892878463705,116.149959531388,116.4043100345,116.656357102777,116.906460686148,117.154924178644,117.402003354496,117.647913885144,24,0
2020-04-30,57,"Tunisia",2020-03-04,980,5,0.44,3.21,19,32,30,41,17,1034,0.0936535590383772,14.1423786983649,984.201588234976,995.295590937806,1006.16169653973,1016.81811371216,1027.28178000172,1037.56841769596,1047.6925938073,1057.66778242967,49,0
2020-04-30,50,"Turkey",2020-03-11,117589,2936,0.24,3.67,20,42,40,4501,2692,156476,0.0764142250799755,12.6561742439261,120651.877723348,123152.255779345,125587.341775639,127959.452610228,130271.030030454,132524.600277328,134722.739181198,136868.04229036,41,0
2020-04-30,40,"Uganda",2020-03-21,81,2,4.62,4.62,1,11,6,5,2,72,0.10891873843647,2.4847627483552,76.4715624144721,77.5141342600288,78.5462921764181,79.5690605677913,80.583367811266,81.5900543127046,82.589880082332,83.5835318142282,0,0
2020-04-30,58,"Ukraine",2020-03-03,9866,456,0.15,3.16,38,54,53,489,416,32627,0.0425387641038819,13.9412773129114,10393.8567633807,10855.7331073026,11318.5417609246,11781.7946265913,12245.0214872695,12707.7718236661,13169.6163123391,13630.1480204578,51,0
2020-04-30,92,"United Arab Emirates",2020-01-29,11929,549,0.17,0,68,68,88,497,92,26412,0.0498851874398008,79.5872342253893,12336.4462228935,12822.5705537012,13305.9615553301,13786.1986861651,14262.9071978834,14735.7560278786,15204.4556059918,15668.7556009433,85,0
2020-04-30,90,"United Kingdom",2020-01-31,166441,4091,0.2,0.17,58,87,72,5357,3352,243226,0.0605256166838127,88.7586777185919,170073.299466208,173846.183900301,177512.944090095,181077.622029542,184544.466700076,187917.823526055,191202.046356501,194401.430559524,70,0
2020-04-30,47,"Uruguay",2020-03-14,630,5,1.64,3.91,2,16,11,23,15,614,0.0909666192661662,3.47312763333459,616.303866961938,625.046546475827,633.694904906062,642.256525096383,650.738430817376,659.147119317434,667.488593570188,675.768393858276,0,0
2020-04-30,99,"US",2020-01-22,1039909,27327,0.31,1.84,64,95,90,30433,24651,1419116,0.0626522095627839,161.63035330756,1054106.78468956,1076262.30910059,1097989.39206057,1119296.86692918,1140194.61494429,1160693.39988747,1180804.69722496,1200540.53656477,92,0
2020-04-30,46,"Uzbekistan",2020-03-15,2002,63,0.19,4,24,31,30,144,49,2378,0.10230301898779,18.0237230485453,2051.99040633543,2091.51445567677,2129.78346471995,2166.88757939646,2202.91358587249,2237.94436216534,2272.05851380819,2305.33015910637,38,0
2020-04-30,47,"Venezuela",2020-03-14,331,2,0.02,2.95,-4,42,40,10,2,891,0.0258860562992421,3.25788606349882,340.396999263766,345.598688253443,350.791235143065,355.972107305213,361.138858222417,366.289129303108,371.420651331456,376.531245571075,0,0
2020-04-30,98,"Vietnam",2020-01-23,270,0,0.17,0.65,53,71,66,12,1,285,0.0985029363591568,307.258289836844,275.572163803693,276.286749791663,276.9796167214,277.652741464018,278.307926158654,278.946812716723,279.570896295456,280.181537780429,0,0
2020-04-30,56,"West Bank and Gaza",2020-03-05,344,1,0,3.27,-185,50,48,18,13,460,0.0920137229519547,13.4218746359142,462.661703382499,470.534081156031,478.296217197569,485.956614018643,493.523218284668,501.003439407127,508.404171136554,515.731815218664,0,0
2020-04-30,25,"Western Sahara",2020-04-05,6,0,7.5,7.5,7,8,7,2,0,734496,0.00141964801213947,12.0398299884823,6.35435962434894,6.41003352599713,6.46655051998377,6.52392203476246,6.58215963332664,6.64127501451099,6.70128001430203,6.76218660715772,0,0
2020-04-30,43,"Zambia",2020-03-18,97,2,4.29,0.69,6,9,7,8,2,433,0.0221877682468588,3.95292179983705,98.4120907895157,101.099281226942,103.802988928448,106.52220839155,109.25592847032,112.003134565478,114.762810743226,117.533941778296,0,0
2020-04-30,41,"Zimbabwe",2020-03-20,32,0,0.6,4.5,24,27,26,4,1,68,0.0421306074947653,3.84311787031423,33.8956672493385,34.6898042679662,35.4764536858378,36.2552227635091,37.0257629601966,37.7877683500832,38.5409739035195,39.28515366246,0,0
2020-05-01,53,"Albania",2020-03-09,773,7,0.11,3.46,16,28,26,25,16,1161,0.0448508195559442,4.45781469873176,785.21054935874,799.899054547822,814.399451158552,828.712097247173,842.837821132936,856.777879446195,870.533916827662,884.107927398592,44,0
2020-05-01,66,"Algeria",2020-02-25,4006,158,0.24,2.77,32,39,37,144,105,6241,0.0483707167838073,12.0954349061291,3999.58625080778,4096.19777218548,4191.65814800529,4285.95464061704,4379.07919045695,4471.0280520647,4561.80143711083,4651.40316699475,0,0
2020-05-01,60,"Andorra",2020-03-02,745,2,0.37,0.12,17,40,25,31,0,773,0.107081646810474,17.9906824725754,749.768772725302,751.65067221986,753.339503186424,754.854556273538,756.21330094915,757.431535733002,758.523530571011,759.502160717379,37,0
2020-05-01,42,"Angola",2020-03-20,27,0,0.39,1.48,13,18,17,2,0,29,0.0912236148259438,3.85432975561208,27.2242133882527,27.5048111061374,27.7780616486578,28.0445205588488,28.304708496049,28.5591121640909,28.8081854768938,29.0523508955103,32,0
2020-05-01,49,"Antigua and Barbuda",2020-03-13,24,0,3.75,0.7,20,23,21,3,0,25,0.128281211126436,10.9497680180832,24.5196610692104,24.6580876243711,24.7933321693973,24.925767020527,25.0557220857767,25.1834894310726,25.309327416427,25.4334644275638,0,0
2020-05-01,61,"Armenia",2020-03-01,2066,134,0.14,3,24,34,32,65,49,3540,0.0388893949405214,6.59570656884192,2037.01368604664,2084.02739298006,2130.66973398349,2176.92863228266,2222.79354620963,2268.25540456531,2313.30653957811,2357.94061817367,0,0
2020-05-01,96,"Australia",2020-01-26,6766,14,0.32,0.21,54,68,61,393,16,6769,0.150034841697593,7963.18076984991,6762.87377135492,6772.71864244051,6782.26622157538,6791.56006870023,6800.63728931994,6809.52950186927,6818.26365864355,6826.86274258285,71,0
2020-05-01,66,"Austria",2020-02-25,15452,50,0.33,0.17,23,38,29,786,62,15405,0.126207232355591,41.4712341831626,15393.4255427264,15433.8938586189,15473.1869733331,15511.450789949,15548.813025269,15585.3854748874,15621.2659992506,15656.5402639608,52,0
2020-05-01,61,"Azerbaijan",2020-03-01,1804,38,0.16,1.56,31,41,39,90,39,1987,0.0898524427751075,29.7782191679249,1808.43296568621,1836.59358860716,1864.08235521877,1890.94532895164,1917.22640667097,1942.96723928469,1968.20719628683,1992.98336581476,0,0
2020-05-01,46,"Bahamas",2020-03-16,81,1,0.13,4,12,41,39,3,0,113,0.0594068429531782,4.90469073393132,82.59661418263,83.4489005126054,84.270588528235,85.0622990491734,85.8247194729664,86.558592213117,87.2647041474479,87.9438770477877,39,0
2020-05-01,67,"Bahrain",2020-02-24,3040,119,0.4,2.73,46,51,50,179,91,111431,0.012948317897842,8.49857361509724,3209.2929101972,3331.17063174187,3455.53341453203,3582.41521930325,3711.84875356521,3843.86542415131,3978.49529183186,4115.76702807136,0,0
2020-05-01,54,"Bangladesh",2020-03-08,7667,564,0.25,0,38,38,45,418,29,19206,0.0709591838977278,43.1005029747824,8101.0053587845,8593.1744412073,9082.60926099488,9568.27985289819,10049.295619933,10524.8980266069,10994.4525257167,11457.4399209048,47,0
2020-05-01,45,"Barbados",2020-03-17,81,1,0.1,0.57,5,22,17,4,1,82,0.120651376318396,4.50653767745789,81.0123939813317,81.39999130566,81.7786134705309,82.1492522996676,82.5127928554174,82.870024326939,83.2216499359268,83.5682959213815,28,0
2020-05-01,63,"Belarus",2020-02-28,14027,846,0.13,2.9,49,63,61,938,0,70745,0.0412644051055889,21.8162410484853,14490.8399927825,14976.0072626225,15470.5825250431,15974.0284625647,16485.3113103839,17003.365866081,17527.128573281,18055.5458161166,54,0
2020-05-01,87,"Belgium",2020-02-04,48519,660,0.34,0.27,48,83,64,1393,199,61394,0.0649349511582325,64.6567931307425,49269.957607333,49791.3875043114,50277.3843950991,50732.075837862,51159.0941665743,51561.5736503359,51942.1857783845,52303.1934881191,69,0
2020-05-01,39,"Belize",2020-03-23,18,0,0.29,4.74,17,22,21,3,0,19,0.189388843090668,16.6836858052607,18.4676129239484,18.4815994513193,18.4931884299312,18.5027886094727,18.5107397589575,18.5173240842679,18.5227758273215,18.527289313275,0,0
2020-05-01,46,"Benin",2020-03-16,64,0,3.08,4,34,36,35,11,1,108,0.0500021280829014,4.97120349922287,66.2305673934039,67.499306101705,68.7466712939302,69.9724201159415,71.1764022778388,72.3585525955258,73.5188836847937,74.6574788631119,0,0
2020-05-01,56,"Bhutan",2020-03-06,7,0,0.18,3.27,19,28,27,0,0,8,0.0525176638835047,3.16990032931532,6.9785804966194,7.04175305222642,7.1036999342546,7.16446419461993,7.22408843651099,7.28261469074487,7.34008430926346,7.39653787431157,0,0
2020-05-01,51,"Bolivia",2020-03-11,1110,0,0.12,3.6,36,47,46,72,32,35731,0.0183992930609315,8.74996205368716,1191.00738566347,1246.34721628984,1303.38005019321,1362.13190795851,1422.62691598221,1484.88723754912,1548.93301020156,1614.7822895881,0,0
2020-05-01,57,"Bosnia and Herzegovina",2020-03-05,1757,80,0.17,3.21,21,29,28,58,44,2099,0.0637538496685043,9.07974054540717,1738.11282667405,1771.59854338464,1804.50924168565,1836.86430820389,1868.68358085656,1899.9871688141,1930.79529476371,1961.12815780677,0,0
2020-05-01,32,"Botswana",2020-03-30,23,0,5.81,0.68,9,12,10,3,1,28,0.0879010061575322,2.84225157320164,23.9003076760383,24.3281561902582,24.7443542078546,25.149600555583,25.5445763968085,25.9299410245714,26.3063287209031,26.6743465224426,0,0
2020-05-01,65,"Brazil",2020-02-26,87187,7502,0.12,0,55,55,63,5182,261,3377342,0.0175895692109651,11.5882905282667,91233.9744858333,97066.3071589453,103095.534713778,109319.805630112,115737.276437481,122346.143452255,129144.665701228,136131.179808535,0,0
2020-05-01,53,"Brunei",2020-03-09,138,0,3.46,0.15,1,16,3,9,0,139,0.161154824056168,3.69852749834395,138.229556378849,138.244696570905,138.257632359527,138.268684542939,138.278127290887,138.286194905261,138.293087605316,138.298976476868,26,0
2020-05-01,54,"Bulgaria",2020-03-08,1506,59,0.06,0,37,37,47,49,17,6507,0.0225701393286046,5.04502236240929,1536.85361213662,1588.8622492093,1641.37803151962,1694.37748923096,1747.83700533289,1801.73287906816,1856.04138676095,1910.73883985058,0,0
2020-05-01,52,"Burkina Faso",2020-03-10,645,4,0.61,0.25,9,39,19,20,3,710,0.0839910656750809,6.54192694768505,652.917564631285,656.447351197092,659.780494812888,662.937181702884,665.934976383945,668.789236508934,671.513460221358,674.119574135927,42,0
2020-05-01,35,"Burma",2020-03-27,151,1,5.29,5.29,14,28,21,9,1,204,0.0971043528853759,6.95359198690186,158.624214371914,160.827217547082,162.907417623095,164.871693826086,166.726982267622,168.48017145131,170.138019607876,171.707090893017,0,0
2020-05-01,31,"Burundi",2020-03-31,11,0,6,5.42,21,23,22,6,0,1484,0.0110657670566746,6.73129674739737,12.0869107512992,12.4384011133465,12.8044675757656,13.1854977704936,13.5818802872677,13.9940043054624,14.4222592204865,14.8670342653952,0,0
2020-05-01,42,"Cabo Verde",2020-03-20,121,7,3.44,4.39,25,27,26,23,5,151,0.120768610741144,38.7042945101377,123.644466060644,127.406967221999,131.029127921914,134.520763235234,137.891735381028,141.151743166393,144.310166950106,147.375959434458,0,0
2020-05-01,95,"Cambodia",2020-01-27,122,0,1.91,1.91,49,57,53,12,1,123,0.173953625160999,10000,122.747618025638,123.153395618697,123.558299193835,123.962468189308,124.366019812708,124.769052580819,125.171649297103,125.573879555771,64,0
2020-05-01,56,"Cameroon",2020-03-06,1832,0,0.74,3.27,26,29,28,122,50,3464,0.0444257918163687,8.02339018691822,1856.08437924535,1906.58495538001,1956.64391957922,2006.23961658929,2055.35311342019,2103.96808663171,2152.07070177141,2199.64948698622,0,0
2020-05-01,96,"Canada",2020-01-26,54457,1592,0.19,1.89,62,89,86,1668,1591,94693,0.0486945698337129,60.055857761717,55791.8420058385,57300.4448254866,58792.176574171,60266.6369085221,61723.512506194,63162.5713118458,64583.6567565113,65986.6820137622,85,0
2020-05-01,47,"Central African Republic",2020-03-15,50,0,0.75,0.62,42,47,44,9,2,62915242,0.00695704906280465,19.6843103858438,51.0445912720049,55.2927380255846,59.4820800857582,63.7541291195054,68.2040261180149,72.8971334515827,77.881833249705,83.1977175233413,0,0
2020-05-01,43,"Chad",2020-03-19,73,21,4.29,4.29,36,37,36,7,5,1794,0.0178960526550002,7.2908040881314,71.7451907506061,76.4553353909224,81.2467342519033,86.1205309083771,91.0777817673575,96.1194532318745,101.246419137771,106.459458469503,0,0
2020-05-01,100,"China",2020-01-22,83956,12,0.14,1.82,13,24,22,5698,174,82750,0.143615042792878,9.71425779653699,83439.6630402134,83526.6047843451,83613.5429191591,83700.4779275023,83787.4102276278,83874.3401818357,83961.2681039587,84048.1942658458,74,0
2020-05-01,47,"Congo (Brazzaville)",2020-03-15,220,13,3.91,3.91,30,33,32,28,6,326,0.0754415455834019,12.4910566120769,229.628241220743,235.450525769982,241.127378869472,246.661787255402,252.057353964968,257.318177807036,262.448745181106,267.453833963269,0,0
2020-05-01,51,"Congo (Kinshasa)",2020-03-11,572,81,3.6,2.89,19,21,20,24,16,1497,0.0319653398048048,5.46447937117902,559.549333557266,576.53866160628,593.5291706623,610.51197967141,627.47850958127,644.420498197195,661.330012579501,678.199459094634,0,0
2020-05-01,56,"Costa Rica",2020-03-06,719,6,0.82,0.72,12,38,24,23,6,753,0.0909648708187246,8.1130592569706,722.139424241758,726.365980314142,730.473612656616,734.471858978636,738.369557245219,742.174886027709,745.89540444188,749.538091300428,38,0
2020-05-01,51,"Cote d'Ivoire",2020-03-11,1275,37,0.14,3.6,22,44,43,47,34,2330,0.0496032702045633,7.51705597025129,1313.58805699535,1349.10993728517,1384.21833284193,1418.89960170016,1453.1426043503,1486.93855229916,1520.28085327736,1553.16495521239,41,0
2020-05-01,66,"Croatia",2020-02-25,2076,14,0.66,0.2,24,52,32,68,8,2234,0.0882326786707814,23.1873522621383,2092.01502513371,2102.49965121576,2112.34909523772,2121.6299809727,2130.40123609979,2138.71500552766,2146.61747825575,2154.14962456533,43,0
2020-05-01,50,"Cuba",2020-03-12,1501,34,0.2,3.67,20,44,42,54,32,2268,0.0623451272573762,9.00784428763545,1546.47314778944,1580.57682175616,1613.97353852492,1646.66942190222,1678.67343110902,1709.99697368001,1740.65354480447,1770.6583939549,42,0
2020-05-01,53,"Cyprus",2020-03-09,850,7,0.15,0.19,16,36,27,34,5,928,0.0899375983493125,9.02099645193142,860.571146717576,865.970786307828,871.10806258707,876.007658094754,880.691769002705,885.180376110631,889.491485215896,893.641339846105,43,0
2020-05-01,61,"Czechia",2020-03-01,7682,103,0.31,3,18,40,37,262,97,8059,0.0889419356944364,13.9662203906032,7698.62388963133,7765.4938265361,7830.88488199964,7894.91067138828,7957.67707040008,8019.28257438772,8079.81867243948,8139.37022835691,49,0
2020-05-01,64,"Denmark",2020-02-27,9356,150,0.1,2.86,28,42,40,354,168,12101,0.0538131889071968,8.00761870356121,9510.21953180983,9654.6931678795,9796.70343614163,9936.31420302427,10073.5915592777,10208.6032819062,10341.4183480344,10472.1064979646,50,0
2020-05-01,84,"Diamond Princess",2020-02-07,712,0,0.38,2.17,7,12,11,95,1,713,0.262137128940933,7.59377394992445,713.235788238333,713.734591362822,714.233394456994,714.732197527838,715.231000580734,715.729803619822,716.228606648284,716.727409668571,71,0
2020-05-01,44,"Djibouti",2020-03-18,1089,12,0.45,0.7,26,32,29,111,17,1149,0.196643695150563,244.241438921074,1107.57676563328,1119.5635022555,1130.94401756016,1141.82162452205,1152.28270087071,1162.39926474753,1172.23121528126,1181.82826751174,35,0
2020-05-01,40,"Dominica",2020-03-22,16,0,4.62,4.62,3,4,3,5,0,16,0.232047462715393,2.43489353889765,16.008717735047,16.0788577957254,16.1489366690327,16.2189670234514,16.2889589050064,16.3589202799539,16.4288574652318,16.4987754698618,22,0
2020-05-01,61,"Dominican Republic",2020-03-01,6972,320,0.1,3,34,50,49,272,202,12651,0.0483774824411643,11.4644470079913,7160.48177436344,7359.33382914639,7556.05582840676,7750.57805688479,7942.84315691787,8132.80540517211,8320.42997249401,8505.69217670996,50,0
2020-05-01,61,"Ecuador",2020-03-01,24934,259,1.17,1.67,48,52,50,3461,1870,94519476,0.00926581723616741,14.3477570371962,28069.9787843397,30139.4910989783,32285.0605963489,34510.9029949019,36821.4088333259,39221.147312641,41714.8700453785,44307.5147029277,0,0
2020-05-01,77,"Egypt",2020-02-14,5537,269,0.08,0,62,62,74,237,73,30872,0.0251890416660225,12.0197865457563,5755.44507259264,6004.04115142665,6256.03463168932,6511.25376104448,6769.52600854324,7030.67873815521,7294.53982190242,7560.93819365017,68,0
2020-05-01,43,"El Salvador",2020-03-19,395,18,0.08,4.29,27,42,41,22,0,1576,0.0328304844774582,5.85166945728005,395.680715362034,404.714147432176,413.847530713532,423.069045447986,432.366794168069,441.728983693169,451.143970835445,460.600302785927,0,0
2020-05-01,47,"Equatorial Guinea",2020-03-15,315,0,1.14,2.39,39,41,40,73,11,5219,0.0387942272536393,16.663075920019,359.059968555826,384.835727145034,411.819103602398,439.998392023252,469.355555268019,499.866457138119,531.501155378486,564.2242478946,0,0
2020-05-01,41,"Eritrea",2020-03-21,39,0,0.24,4.5,9,15,14,4,0,39,0.18457112744387,6.81540759287799,39.0920831910901,39.2852363926907,39.4767775468249,39.6669772349714,39.8560607777385,40.0442157574954,40.2315983056603,40.4183383528491,26,0
2020-05-01,64,"Estonia",2020-02-27,1689,23,0.12,0.21,21,44,34,57,15,1857,0.0748773229176124,10.8767415351135,1705.93410605725,1718.74739808201,1731.18639692619,1743.27767153518,1755.04576340993,1766.51337718081,1777.70154683045,1788.62978133207,49,0
2020-05-01,48,"Eswatini",2020-03-14,100,9,0.27,3.83,42,47,46,13,0,31062546,0.00877326089466477,19.385228399636,101.772108361841,107.800709602695,114.469146010173,121.838464124688,129.974605114288,138.948910823983,148.838495450247,159.72663250272,0,0
2020-05-01,49,"Ethiopia",2020-03-13,131,1,0.09,3.75,21,37,36,6,2,179,0.0639630557694187,6.46418986650354,135.261096172363,137.422727696911,139.531113940777,141.587745790321,143.59420135991,145.552124958138,147.46320832753,149.329174031447,0,0
2020-05-01,43,"Fiji",2020-03-19,18,0,1.09,4.29,14,17,16,3,0,19,0.119408043547924,4.36459904473489,18.4712701864674,18.6051745419077,18.7364217344856,18.8652999246356,18.9920671298149,19.1169541389654,19.240167198037,19.3618904720375,0,0
2020-05-01,93,"Finland",2020-01-29,4995,89,0.1,1.96,57,73,71,156,110,7372,0.0475539808601392,32.7935427845848,5085.25904376,5185.01030814995,5283.42255480554,5380.50292782271,5476.26191246268,5570.712997067,5663.87235124644,5755.75852106202,71,0
2020-05-01,98,"France",2020-01-24,167299,756,0.03,1.86,41,95,92,6298,1653,210102,0.0698941978064526,164.784776531802,174616.767237237,176430.136573515,178186.612062489,179888.922417575,181539.683064546,183141.446426166,184696.701424206,186207.866721292,0,0
2020-05-01,48,"Gabon",2020-03-14,276,0,0.14,3.38,35,47,45,21,0,5545,0.0236728816164912,9.35169834151424,285.805583444597,296.29865652638,307.264648297765,318.706932144724,330.62773110879,343.028291791849,355.90888728839,369.268818552658,40,0
2020-05-01,45,"Gambia",2020-03-17,11,1,4.09,4.09,24,26,25,4,0,14,0.0559162445711293,3.13997990813717,11.186162599347,11.3078346732022,11.4263752889349,11.5418701257696,11.6544077252681,11.7640787414571,11.870975267126,11.9751902319712,37,0
2020-05-01,65,"Georgia",2020-02-26,539,22,0.09,2.81,38,52,51,22,13,1219,0.0349801921645115,7.83786819540526,555.52912477067,569.42355101088,583.252488063604,597.009754292134,610.689585278662,624.286629996854,637.795945209684,651.212988286855,57,0
2020-05-01,95,"Germany",2020-01-27,163009,1470,0.22,0.12,53,75,63,5879,1063,171418,0.08822428250996,264.345384882733,163239.730049659,164256.820964826,165231.674709186,166167.902967408,167068.822665161,167937.477175261,168776.6565667,169588.916814744,81,0
2020-05-01,48,"Ghana",2020-03-14,2074,403,1.25,0,33,33,41,121,40,49151,0.0194697218114863,8.24820113672637,2122.34497409283,2247.5075815834,2375.38885845832,2506.02113088163,2639.43311856977,2775.64984688171,2914.69257189791,3056.57871858697,0,0
2020-05-01,65,"Greece",2020-02-26,2591,15,0.13,0.29,21,42,33,88,26,2778,0.0760523845862036,10.5185788713511,2604.27085454091,2623.7652233527,2642.80100831995,2661.40844791613,2679.61592798718,2697.45009256758,2714.9359438444,2732.09693393657,49,0
2020-05-01,40,"Grenada",2020-03-22,20,0,4.62,1.09,3,5,4,3,0,17,0.108468351799781,2.17838020233237,18.6208210261632,18.8080166736543,18.9929795551592,19.1759296008371,19.3570659762029,19.5365688644354,19.7146011321738,19.8913098783146,0,0
2020-05-01,48,"Guatemala",2020-03-14,599,42,0.15,3.83,34,43,42,42,24,15894,0.0209218504493521,8.85098193659105,643.791751852777,678.55436304073,714.335098607473,751.146723508287,789.000440481283,827.905850627156,867.870920469149,908.901955536014,0,0
2020-05-01,49,"Guinea",2020-03-13,1495,144,3.75,0,26,26,29,57,55,14486,0.0304911288005648,10.2483311616717,1554.06645075766,1636.69176385698,1721.26490329208,1807.74170375723,1896.07237520511,1986.20183879186,2078.07008583522,2171.6125555207,0,0
2020-05-01,50,"Guyana",2020-03-12,82,4,0.01,3.67,-63,37,35,3,3,111,0.0603929264129502,6.29809386301717,84.0858128547926,86.302796962648,88.4892094313544,90.6457358516188,92.7731232439276,94.8721684939135,96.9437078596693,98.9886075116871,41,0
2020-05-01,42,"Haiti",2020-03-20,81,5,0.1,4.39,22,35,34,5,1,230,0.0341834608028028,4.26415753874885,84.2824765125434,86.3680563036629,88.4510541194538,90.5299077130375,92.6031207402525,94.6692649621593,96.7269819346435,98.7749842163148,0,0
2020-05-01,56,"Holy See",2020-03-06,11,1,3.27,0.22,17,24,18,1,0,9,0.112630148400993,9.24699380776286,10.1793454537866,10.246532873106,10.3129152497356,10.3785786844873,10.4436000348069,10.508047914461,10.571983583519,10.6354617410141,0,0
2020-05-01,51,"Honduras",2020-03-11,771,33,0.26,3.6,17,23,22,31,20,1037,0.0527327908008061,5.83808245421346,751.277455956849,768.117336860256,784.725726312916,801.104071711873,817.254518427992,833.179830945664,848.883318314319,864.36876409211,0,0
2020-05-01,58,"Hungary",2020-03-04,2775,48,0.14,3.16,29,39,38,113,76,4775,0.0495590212378439,9.345001346548,2870.67942327539,2944.13697451546,3016.68750449201,3088.31559671495,3159.0101412336,3228.76401660725,3297.57377490918,3365.43933263002,51,0
2020-05-01,63,"Iceland",2020-02-28,1797,0,0.34,0.46,17,40,30,72,4,1866,0.113120600205031,18.7140630440706,1821.24387372066,1824.74644138369,1828.10900247703,1831.34623564292,1834.47130434328,1837.4960096875,1840.43092810334,1843.2855354803,0,0
2020-05-01,92,"India",2020-01-30,34863,1801,0.13,0,74,74,90,1735,616,118070,0.0409266781904525,52.8648700282666,36545.6940588106,38319.8178194019,40103.3517731627,41894.1420250578,43690.1363361867,45489.3869170421,47290.0521298057,49090.3972566209,81,0
2020-05-01,60,"Indonesia",2020-03-02,10118,347,0.1,3.05,33,47,45,371,322,24124,0.039312819686149,9.08281352163007,10502.8003287403,10834.4325742769,11164.6859211025,11493.3694113338,11820.3053164693,12145.3290982384,12468.2892883789,12789.0472963528,51,0
2020-05-01,72,"Iran",2020-02-19,94640,983,0.09,0.35,29,49,42,2866,1215,114153,0.0550749668264712,9.44973342727464,96101.7125023871,97148.9005282137,98176.1689865065,99184.2406593526,100173.829149199,101145.637519099,102100.356935806,103038.665384699,61,0
2020-05-01,67,"Iraq",2020-02-24,2085,82,0.13,2.73,31,44,43,76,40,2380,0.060233114501711,11.6042409253673,2043.43975832988,2074.59105997469,2105.2069420786,2135.30668699077,2164.90964199222,2194.0351066174,2222.70223495404,2250.9299516682,0,0
2020-05-01,62,"Ireland",2020-02-29,20612,359,0.12,0.88,35,48,45,921,481,32302,0.0581604207540316,15.3253947557665,21451.5849746309,21936.5986116776,22412.8182053413,22880.283024338,23339.0667732878,23789.2735040147,24231.0337395424,24664.500837165,0,0
2020-05-01,70,"Israel",2020-02-21,15946,112,0.51,0.07,31,57,37,600,0,17045,0.0901745699276207,43.4019455033074,15975.4842483515,16092.4499036539,16201.6537556319,16303.5813025333,16398.6927436679,16487.4234535298,16570.1846093358,16647.3639357658,61,0
2020-05-01,91,"Italy",2020-01-31,205463,1872,0.25,0.06,42,74,53,5535,1183,227456,0.0634328631516504,37.4348122283127,205718.028996578,207421.395312313,209065.149491987,210652.16635772,212185.219814346,213666.981673905,215100.021244724,216486.805580014,82,0
2020-05-01,51,"Jamaica",2020-03-11,422,26,3.6,3.6,34,47,40,23,19,1155286,0.00982480584144458,12.9943430648151,457.860099003124,485.934304848304,515.292784131769,546.007267106093,578.152410576629,611.805853870694,647.048272522342,683.963429490876,0,0
2020-05-01,100,"Japan",2020-01-22,14088,193,0.02,1.82,31,96,93,457,230,27067,0.0484639283347435,74.3323334620599,14949.7027688295,15271.4028051137,15588.4418932657,15900.6872058274,16208.0296166585,16510.3838599036,16807.6872067949,17099.8978990677,0,0
2020-05-01,59,"Jordan",2020-03-03,453,2,0.21,2.7,17,24,23,30,6,448,0.113448547078788,13.0711741701732,450.380655057124,453.85270600241,457.2884657177,460.691735761273,464.065928237631,467.414103900203,470.739006899937,474.043096394247,0,0
2020-05-01,49,"Kazakhstan",2020-03-13,3402,264,0.1,0,37,37,43,153,72,20639,0.0280179618733919,7.1603607031324,3554.43266186927,3729.15327305732,3906.6393103457,4086.74896680619,4269.33845463772,4454.26277284027,4641.37640992742,4830.53398130047,36,0
2020-05-01,49,"Kenya",2020-03-13,396,12,0.65,3.75,18,21,20,24,10,531,0.059632386340219,6.09047711247791,398.043169947506,406.625792846371,415.06282641807,423.357050368174,431.511587144305,439.529844575859,447.415463397445,455.172269540968,0,0
2020-05-01,100,"Korea, South",2020-01-22,10774,9,0.42,0.34,35,45,39,695,55,10414,0.116500817675401,110.890428905382,10616.8798376653,10644.6596880845,10672.3854364585,10700.063024329,10727.6977415203,10755.2942974622,10782.8568847401,10810.3892357145,0,0
2020-05-01,36,"Kosovo",2020-03-26,799,289,0.35,4.34,18,22,21,87,27,808,0.0693895467383141,3.33012021967626,725.814605566912,744.581203187239,763.069529791851,781.288510869172,799.247526997969,816.956282324734,834.424689068158,851.662766968995,0,0
2020-05-01,67,"Kuwait",2020-02-24,4024,284,0.28,2.73,7,19,17,90,89,480248,0.0131540598676333,11.5796810326926,4167.21158915675,4346.20490401386,4531.86483448044,4724.40218553537,4924.02833683679,5130.95495868619,5345.39372324874,5567.55601174439,60,0
2020-05-01,44,"Kyrgyzstan",2020-03-18,746,17,0.15,0.25,14,32,24,29,15,980,0.0723001402679899,6.46247276203031,762.755975375478,777.324513405383,791.492960206204,805.281927064421,818.710914664286,831.798460125786,844.562248348554,857.019194396626,34,0
2020-05-01,38,"Laos",2020-03-24,19,0,0,4.86,-4054,20,17,1,0,20,0.125433805212102,2.21244091150741,19.4328554341776,19.4523224563418,19.4695262609737,19.4847266656932,19.4981543954245,19.5100141753631,19.5204875327179,19.5297353256801,0,0
2020-05-01,60,"Latvia",2020-03-02,858,9,0.27,0.89,17,33,28,31,13,877,0.0838562560698946,10.1086477279987,848.116797598443,856.641478616938,865.012444568911,873.240746316318,881.336741342284,889.310120925068,897.1699391975,904.924643385732,0,0
2020-05-01,70,"Lebanon",2020-02-21,725,4,0.2,0.37,25,38,32,31,8,740,0.0887889860005927,16.9994449944146,725.082894455131,729.838813062908,734.516293353666,739.121648782075,743.660712068513,748.138867339617,752.561080863842,756.931930309185,58,0
2020-05-01,46,"Liberia",2020-03-16,141,0,0.71,2.72,20,44,39,6,0,200,0.0810664982957177,14.2437429855941,143.567694112169,145.384639937268,147.1000753231,148.716736577895,150.237734069763,151.666494411254,153.006678571462,154.262108548886,37,0
2020-05-01,38,"Libya",2020-03-24,61,0,2.67,4.86,21,22,22,14,1,79,0.0853800672619164,4.85019887296828,64.2215202819494,65.1104730706973,65.9664199545576,66.7911860062621,67.5865700504851,68.3543305586771,69.0961746063985,69.8137494742201,0,0
2020-05-01,58,"Liechtenstein",2020-03-04,82,0,3.16,0.16,13,22,14,7,0,81,0.165531771571433,17.3418416878015,81.5713610157118,81.6246781615459,81.6761392517818,81.7260193822621,81.7745528940382,81.8219394018768,81.8683489341709,81.9139263142712,41,0
2020-05-01,63,"Lithuania",2020-02-28,1385,10,0.02,0.13,-9,58,44,39,20,1542,0.0888466462134731,19.8914224600827,1458.19245299406,1475.02090111051,1491.26581326557,1506.97082653892,1522.17760973587,1536.92569594027,1551.25237484401,1565.19263769649,0,0
2020-05-01,62,"Luxembourg",2020-02-29,3784,15,0.85,0.22,18,37,23,165,20,3778,0.118951079523541,24.4335779138951,3765.67942231565,3778.84258730572,3791.65602514564,3804.16116462684,3816.3943630902,3828.38755616695,3840.1688195568,3851.76285540514,54,0
2020-05-01,42,"Madagascar",2020-03-20,128,0,4.39,0.26,2,24,4,5,1,131,0.120264675811823,4.10796795868151,128.218442390292,128.70915065037,129.178225414235,129.628356123637,130.061873745803,130.480803285866,130.886907808464,131.281725435649,22,0
2020-05-01,29,"Malawi",2020-04-02,37,1,2.19,6.43,20,21,21,10,1,124,0.0408644505891389,3.73716085689518,39.4359672578185,40.6394857951701,41.8450160438659,43.0509589025328,44.2557771904396,45.458000616243,46.656229825839,47.849139577307,0,0
2020-05-01,97,"Malaysia",2020-01-25,6002,57,1.88,1.11,49,81,61,153,57,6589,0.0732511411603405,113.843275876377,6050.0337723411,6097.27137626871,6143.29900881724,6188.18867600672,6232.0090340414,6274.8254080617,6316.69983569115,6357.69113074452,81,0
2020-05-01,54,"Maldives",2020-03-08,468,190,3.4,3.4,7,10,8,57,13,179644694,0.0135525375130656,27.0397811866059,480.610370309687,532.277741276385,591.697166796958,660.052103532031,738.682917999786,829.104135792765,933.023113277518,1052.36019318028,0,0
2020-05-01,37,"Mali",2020-03-25,490,8,0.11,5,22,36,35,31,0,2797,0.0348374922659636,6.26776897999853,508.766164514584,524.26736478167,540.102002099707,556.246206771722,572.675520279632,589.365045657049,606.289590516565,623.423804156171,30,0
2020-05-01,55,"Malta",2020-03-07,465,2,0.09,1.8,20,36,33,22,5,541,0.0728443541158115,6.40707779338275,477.776894432238,481.99045274969,486.086273708571,490.070980799917,493.950940672668,497.732255739781,501.420760224021,505.022019103118,0,0
2020-05-01,48,"Mauritania",2020-03-14,8,0,3.83,3.83,11,18,14,1,0,7,0.127136680997481,3.7305540814667,7.70400179430649,7.7396777751884,7.7749713279914,7.80992758501136,7.84458640766898,7.87898298958273,7.91314839348057,7.94711002855246,0,0
2020-05-01,44,"Mauritius",2020-03-18,332,0,0.08,4.19,8,23,22,23,2,345,0.15039793228192,6.60155167778653,339.334862060717,340.70926750796,342.058478485543,343.385973084463,344.694754067734,345.987412572027,347.266183603093,348.532994293744,0,0
2020-05-01,63,"Mexico",2020-02-28,19224,1425,0.13,0,49,49,56,968,323,630836,0.0194526385814089,11.8873068088336,20449.7096343467,21706.768818672,23001.9399171878,24335.2527920956,25706.741927671,27116.4437886939,28564.3935998322,30050.6217636628,53,0
2020-05-01,54,"Moldova",2020-03-08,3897,126,0.32,3.4,23,49,46,126,120,6226,0.0568329232470474,10.477954170758,3973.90207453351,4084.70998759238,4193.91880200903,4301.51436717386,4407.49077646266,4511.84957081392,4614.5989679922,4715.75312368239,47,0
2020-05-01,62,"Monaco",2020-02-29,95,0,2.95,2.95,20,42,31,4,0,99,0.124690260175959,30.8334357808134,96.448923154522,96.5839746965293,96.7110715727858,96.831128759322,96.9449578186421,97.0532781808517,97.1567272858186,97.2558696801046,0,0
2020-05-01,52,"Mongolia",2020-03-10,38,0,1.1,0.47,31,41,35,4,0,106,0.0280213860497258,4.0039361963137,40.4459548304921,41.0509361933284,41.6527572374531,42.2515692111013,42.8473453489061,43.4399531788227,44.0291998501189,44.6148604859704,0,0
2020-05-01,45,"Montenegro",2020-03-17,322,0,0.16,1.22,11,21,18,22,3,333,0.12878682999197,6.52624381035925,326.435101927751,328.44906754922,330.421861173789,332.358321963364,334.262734928224,336.138891028584,337.990141543414,339.819447060822,36,0
2020-05-01,60,"Morocco",2020-03-02,4423,102,0.09,0.54,36,55,49,191,78,10416,0.0429261159316588,10.7153763989935,4636.47508273062,4756.11561802411,4874.49427163836,4991.67699615875,5107.67424776744,5222.46544258774,5336.01409984303,5448.27702772296,0,0
2020-05-01,40,"Mozambique",2020-03-22,76,0,1.84,2.14,32,34,33,15,0,5256,0.0157102834241856,7.72993036955877,83.5616016461306,86.7161689420218,90.013541978455,93.4574185290742,97.0514291495864,100.799129590126,104.703993185584,108.769403385595,0,0
2020-05-01,34,"MS Zaandam",2020-03-28,9,0,3.2,5.45,17,18,17,2,0,14,0.035576679355191,1,9.81492342261462,9.88813697305119,9.95999230147076,10.0305062845156,10.0996968780005,10.1675830033134,10.2341844396887,10.299521722279,0,0
2020-05-01,48,"Namibia",2020-03-14,16,0,3.83,0.44,9,21,10,1,0,16,0.164052206584855,5.92069767760853,16.2236533131792,16.226033175877,16.2280531579864,16.229767680316,16.2312229290434,16.2324581050042,16.2335064818881,16.2343963032341,0,0
2020-05-01,97,"Nepal",2020-01-25,57,0,0.24,1.88,81,89,87,5,1,172,0.0470674678279843,97.9766897226717,61.6386395945224,63.7454846016518,65.8472970656303,67.9411315372107,70.0242253657279,72.094004642028,74.1480877451942,76.1842867252508,0,0
2020-05-01,64,"Netherlands",2020-02-27,39512,514,0.29,0.35,22,57,41,1076,257,49806,0.0618667967847258,11.4055550618021,40207.319165877,40604.6168882677,40984.4525678933,41348.7299343172,41698.9629503022,42036.3693200238,42361.9454435682,42676.5238550449,56,0
2020-05-01,63,"New Zealand",2020-02-28,1479,3,0.56,0.43,24,41,32,77,7,1500,0.150614247285945,115.011430919725,1487.40621310943,1491.53048968492,1495.54585229221,1499.467462693,1503.30837092512,1507.07981160473,1510.79145742666,1514.45163658739,46,0
2020-05-01,43,"Nicaragua",2020-03-19,14,1,4.29,4.29,8,10,9,2,0,21,0.0434978108039379,2.83988502926119,13.8933042695372,14.149254632934,14.4020785753643,14.6517707889618,14.8983342417475,15.1417795105645,15.3821241350362,15.6193919950042,0,0
2020-05-01,42,"Niger",2020-03-20,719,6,0.32,0.41,14,24,19,54,7,714,0.182875244083624,27.85892886755,716.068037064603,720.291799760402,724.409371429176,728.438465322217,732.393837585352,736.287782917756,740.13054611975,743.93066425839,0,0
2020-05-01,63,"Nigeria",2020-02-28,1932,204,1.84,2.9,17,20,19,62,49,31550944,0.00903548253436043,17.2317891689517,1991.7277114072,2106.94632920743,2229.49440141534,2359.87992406231,2498.63952157262,2646.33959660444,2803.57749735069,2970.9827008723,0,0
2020-05-01,65,"North Macedonia",2020-02-26,1465,23,0.1,1.92,35,52,50,61,24,2005,0.0611725481325052,15.3406259803755,1509.08790134111,1533.25580394297,1556.87186746461,1579.95023854444,1602.50598297311,1624.5548866352,1646.11327645092,1667.19786035163,0,0
2020-05-01,65,"Norway",2020-02-26,7738,28,0.15,0.28,17,40,30,261,63,8059,0.0814651573654355,9.60114310815365,7754.91315352062,7799.80196113267,7843.67377553099,7886.6036144523,7928.66114002609,7969.91104135611,8010.41338288582,8050.22392419825,42,0
2020-05-01,67,"Oman",2020-02-24,2348,74,0.15,1.92,46,58,56,113,91,7575,0.0408543307286447,17.6853824083223,2481.05748677122,2583.24616418849,2685.56345030127,2787.91132509426,2890.19553681299,2992.32590898359,3094.21659098271,3195.78625507384,0,0
2020-05-01,65,"Pakistan",2020-02-26,16817,1292,0.11,0,47,47,57,693,448,403771,0.0171119852103077,9.7220780345587,17492.6051123932,18339.0413003325,19204.3351040543,20088.5320363923,20991.6682789639,21913.7701820899,22854.8537216768,23814.923934869,58,0
2020-05-01,52,"Panama",2020-03-10,6532,154,0.11,3.53,21,34,32,233,183,10888,0.0491369564181296,6.77708822518397,6655.3667470682,6827.16521076128,6996.92977189688,7164.62635973439,7330.23038210027,7493.72603062952,7655.10559262412,7814.36877568044,45,0
2020-05-01,42,"Papua New Guinea",2020-03-20,8,0,4.39,2.23,26,28,27,4,0,10,0.112389151096578,17.0456674173043,8.51095425734717,8.5954640308675,8.67383542463441,8.74656772009195,8.8141356555277,8.87698692867569,8.93554081958687,8.99018768892381,0,0
2020-05-01,54,"Paraguay",2020-03-08,266,27,0.09,3.4,22,41,39,10,5,341,0.0557952210717075,6.2024103975801,263.504020341159,268.106543643553,272.62886441645,277.072636630684,281.439654055517,285.731826062565,289.95115548908,294.099718494557,0,0
2020-05-01,56,"Peru",2020-03-06,36976,3045,1.26,0,32,32,38,1365,12,240432,0.0334883566816331,12.417997440388,38242.7673000575,40116.4610670279,42021.6619639027,43956.7420578668,45919.997561977,47909.6597748609,49923.9059510476,51960.8700058661,0,0
2020-05-01,92,"Philippines",2020-01-30,8488,276,0.3,1.59,57,64,62,353,205,10173,0.0668666946790692,105.817962303808,8466.03381722757,8624.84844884947,8780.70760230753,8933.72240683176,9084.00546687113,9231.66991042156,9376.82856867013,9519.59327563713,0,0
2020-05-01,58,"Poland",2020-03-04,12877,237,0.18,0.12,23,47,34,373,324,18798,0.0555825924323682,9.71756056701317,13123.0635573497,13418.5355738824,13709.0150731487,13994.5769413856,14275.3073661356,14551.3022535863,14822.6657621002,15089.5089486776,48,0
2020-05-01,60,"Portugal",2020-03-02,25045,540,0.34,3.05,21,40,37,818,474,28499,0.0760797687036928,13.5472876746483,25262.6456087526,25619.7743566749,25969.1226427373,26311.1225163302,26646.1922813846,26974.7352810497,27297.1390263709,27613.7746188613,49,0
2020-05-01,62,"Qatar",2020-02-29,13409,845,0.13,2.9,48,59,57,855,718,20164728,0.0105557562504636,14.0350219232037,14458.4114454356,15399.6285156727,16379.8417124672,17401.1384748726,18465.6829663472,19575.7169126958,20733.5603186824,21941.6120799,0,0
2020-05-01,65,"Romania",2020-02-26,12240,262,0.24,2.81,29,52,50,362,318,17625,0.0568890708064695,15.0938324033088,12468.6829693939,12749.814136755,13026.4041777167,13298.5030819868,13566.1744918523,13829.4938930631,14088.5469273553,14343.4278283541,55,0
2020-05-01,91,"Russia",2020-01-31,106498,7099,0.38,0,45,45,69,2318,1,411809,0.048208040727366,108.227751825567,111491.579445617,116201.79076124,120950.281762329,125727.412654667,130523.781749477,135330.288789698,140138.18917853,144939.139288594,83,0
2020-05-01,48,"Rwanda",2020-03-14,243,18,0.7,3.83,7,10,9,10,5,328,0.0422378513696151,3.42211731688583,230.539315315277,235.179532859525,239.772913704364,244.319283321767,248.818591844057,253.270904688908,257.676393433563,262.035326976404,0,0
2020-05-01,37,"Saint Kitts and Nevis",2020-03-25,15,0,2.49,0.39,4,8,5,2,0,15,0.147789315860056,2.57030641592734,15.0856181311874,15.1708493166638,15.254762541373,15.3375365467853,15.4193260957161,15.5002651246876,15.5804694975646,15.6600394071017,22,0
2020-05-01,48,"Saint Lucia",2020-03-14,17,0,3.83,3.83,14,18,16,3,0,15,0.269823249694988,47.9809296117773,16.2015564157743,16.2630333640683,16.324473175166,16.3858846305718,16.4472744354692,16.508647709583,16.5700083620252,16.6313593775345,0,0
2020-05-01,48,"Saint Vincent and the Grenadines",2020-03-14,16,0,1.58,3.83,20,22,21,2,0,14,0.215794108133407,114.007379497646,15.148858291199,15.3599899952537,15.5703605837204,15.7801172213048,15.9893787067033,16.1982409089498,16.4067811728682,16.6150618852368,0,0
2020-05-01,64,"San Marino",2020-02-27,569,6,0.05,2.86,23,52,50,16,10,1024,0.030960662775471,4.2566667835637,579.149234475741,589.056476735473,598.893820766174,608.659662779816,618.352572910799,627.971289111422,637.514710892306,646.981892948484,51,0
2020-05-01,60,"Saudi Arabia",2020-03-02,22753,1351,0.18,0.07,44,44,57,1304,1281,2828270,0.0159037675044999,12.4416759644408,24687.9974964736,26317.0291327141,28004.0638387207,29751.2699547378,31560.8276796851,33434.9239458544,35375.7471818237,37385.4820245193,0,0
2020-05-01,60,"Senegal",2020-03-02,933,51,0.21,2.89,51,58,57,76,47,13058190,0.00613979147652818,13.9332202691109,940.859949959257,991.611709950598,1043.82586425238,1097.57035817877,1152.91550987473,1209.93425479864,1268.7022257682,1329.29782406966,0,0
2020-05-01,56,"Serbia",2020-03-06,9009,2379,3.27,2.52,21,23,22,714,314,8871,0.0901122030161085,24.5795498242429,8500.20213349419,8705.30318286123,8906.78642556773,9104.88178345477,9299.81170756436,9491.79004719033,9681.02125099122,9867.69984554502,0,0
2020-05-01,48,"Seychelles",2020-03-14,11,0,0.61,3.83,3,6,5,1,0,11,0.125627466564244,1.75188077581321,11.1436706656861,11.1941336453382,11.2443076340652,11.2942265507743,11.3439203540138,11.3934154997719,11.4427353473872,11.4919005192188,39,0
2020-05-01,31,"Sierra Leone",2020-03-31,124,20,0.32,6,18,25,24,11,7,246,0.0873318013475845,10.7903464405916,129.187707000087,136.326761204147,143.343405431985,150.226935497556,156.969393083948,163.565308112119,170.011425064614,176.306425526162,0,0
2020-05-01,99,"Singapore",2020-01-23,16169,528,0.24,0.79,83,93,89,1098,621,58731,0.0490126942560735,157.726291095958,17482.0314549857,18317.1418205519,19155.1209225376,19994.6804523606,20834.5414172995,21673.4650721343,22510.2696875292,23343.8400988099,0,0
2020-05-01,56,"Slovakia",2020-03-06,1396,5,0.08,3.27,25,49,48,54,5,2530,0.0434769248916005,5.97640146107665,1466.66618685378,1485.76818005461,1504.50105743538,1522.85905231245,1540.83777134177,1558.43410685657,1575.64614967818,1592.47310305147,0,0
2020-05-01,57,"Slovenia",2020-03-05,1429,11,1.57,0.32,5,38,12,38,10,1523,0.0779793260376344,5.19128214732472,1439.13946935196,1446.98515386595,1454.60833644512,1462.02509608918,1469.25025943523,1476.29753697266,1483.17963355195,1489.90833980328,40,0
2020-05-01,46,"Somalia",2020-03-16,601,19,0.3,4,32,45,43,44,0,1307,0.0866505238086609,41.2967943461286,623.845844555984,643.28657086075,662.139241043805,680.337083028949,697.828233587309,714.574640008101,730.550721258654,745.741961965537,37,0
2020-05-01,57,"South Africa",2020-03-05,5647,297,0.44,3.21,18,22,21,222,132,41860,0.0196320774692618,6.27468864372265,5695.43448185157,5873.26127152488,6053.23799951201,6235.31872831463,6419.45520590081,6605.59698933364,6793.6915710867,6983.6845075126,0,0
2020-05-01,26,"South Sudan",2020-04-05,35,1,1.47,0.15,20,20,22,8,0,635907,0.0295140227700729,20.8873986088491,46.6743029724571,57.8509263979513,71.005116641367,86.6410269647047,105.351084876518,127.824989561483,154.858658410595,187.362953259049,0,0
2020-05-01,90,"Spain",2020-02-01,213435,518,0.02,0.27,2,78,66,5931,3935,228315,0.0898945537858869,193.249744724159,216855.967539489,219349.823293555,221797.443836289,224203.147068636,226570.787325824,228903.816573801,231205.336236857,233478.140959148,78,0
2020-05-01,95,"Sri Lanka",2020-01-27,663,14,0.3,1.77,86,92,91,56,15,14428068,0.00556698691444162,17.0472486542323,669.696844452913,695.84168868002,722.944303014433,751.051025579806,780.206729179044,810.457368899516,841.850461556534,874.435205096094,0,0
2020-05-01,49,"Sudan",2020-03-13,442,67,3.75,0,34,34,36,24,1,416488,0.0202756217827342,18.5466406315857,481.711354834762,529.54521223866,581.700063160703,638.573995065454,700.587635311925,768.184035168007,841.828416378472,922.007776141504,42,0
2020-05-01,48,"Suriname",2020-03-14,10,0,3.83,0.32,5,10,6,1,0,10,0.240565070511196,6.28639758440085,10.0367470742703,10.049169057875,10.0615797334853,10.0739815399792,10.0863763889571,10.0987657790828,10.1111508855352,10.1235326300156,20,0
2020-05-01,91,"Sweden",2020-01-31,21092,790,0.12,0,58,58,69,539,248,44285,0.0365233771625975,20.8641139329132,21574.0835450847,22156.47998371,22735.8441956989,23311.9238791093,23884.4880089439,24453.3261053537,25018.2474763613,25579.0804409645,78,0
2020-05-01,66,"Switzerland",2020-02-25,29586,179,0.4,0.12,21,44,28,1125,56,30333,0.0979680146082908,19.8680759204907,29594.1077078777,29683.7923785595,29767.4521221389,29845.664890726,29918.9555710378,29987.8003467566,30052.630810094,30113.8378125682,39,0
2020-05-01,40,"Syria",2020-03-22,43,0,0.08,4.62,11,27,26,2,0,54,0.0772380574542999,3.72784257304798,44.8633661730793,45.3232663765699,45.7657823570848,46.1918251352873,46.6022872973737,46.9980383451952,47.3799210545284,47.7487487091832,0,0
2020-05-01,100,"Taiwan*",2020-01-22,429,0,0.58,0.2,55,69,60,21,2,438,0.102550774607351,457.294790777282,431.0414246015,432.216392460787,433.359832378033,434.474919396048,435.564501488774,436.631134461663,437.677112936067,438.704497885461,78,0
2020-05-01,46,"Tanzania",2020-03-16,480,0,4,0.05,43,43,45,87,74,806,0.0814509619850479,26.4361845019842,510.354835207375,564.224746179404,617.628449014443,670.546295530341,722.964533281544,774.874671049268,826.27284476014,877.159200951693,0,0
2020-05-01,100,"Thailand",2020-01-22,2954,7,0.57,0.26,57,76,64,125,17,2993,0.112212796129766,1547.68288227345,2954.61068194421,2966.14322396602,2977.35871738801,2988.29166172834,2998.97267818782,3009.42897506986,3019.68475076493,3029.7615440088,84,0
2020-05-01,40,"Timor-Leste",2020-03-22,24,0,1.83,1.22,24,26,25,5,0,24,0.376694670092867,10000,24.2907757446353,24.4357093379248,24.5782965654506,24.7192724836458,24.8591421778007,24.9982525507668,25.1368417868256,25.2750733882007,28,0
2020-05-01,56,"Togo",2020-03-06,116,7,3.27,3.27,13,16,15,7,3,116,0.0753438141658788,8.24905312540439,111.100058939273,112.802710745952,114.477633890013,116.126425560449,117.750621105462,119.351691736636,120.93104319855,122.490015250454,0,0
2020-05-01,48,"Trinidad and Tobago",2020-03-14,116,0,1.92,0.41,6,10,7,14,1,116,0.164555947624159,4.90993230986394,116.203909799555,116.733668327297,117.261375565409,117.787342079049,118.311831499727,118.835067594199,119.357240275312,119.878510711324,24,0
2020-05-01,58,"Tunisia",2020-03-04,994,14,0.44,3.16,19,32,30,41,17,1039,0.0928434580373891,13.9105437564885,995.429655984954,1006.30393135927,1016.96507434804,1027.43009581159,1037.71480731397,1047.8338776565,1057.80089223144,1067.62841376125,51,0
2020-05-01,51,"Turkey",2020-03-11,120204,2615,0.24,3.6,20,42,40,4501,2681,155790,0.0767598472145939,12.7376150885568,123006.379252717,125426.679594395,127784.087826851,130081.084109627,132320.228232199,134504.124931949,136635.394287452,138716.646734504,41,0
2020-05-01,41,"Uganda",2020-03-21,83,2,4.5,3.55,1,11,5,5,2,76,0.095583415347619,2.34835080701779,78.7910708091534,79.8809770627376,80.9585290648961,82.0247721539588,83.0806701052389,84.1271102611078,85.1649085740048,86.1948145090983,0,0
2020-05-01,59,"Ukraine",2020-03-03,10406,540,0.15,3.1,38,54,53,486,449,31692,0.0431263235826989,14.1032802608823,10914.3144977767,11390.1730732533,11866.2048327792,12341.9451706925,12816.9506299288,13290.8002718092,13763.0967367589,14233.467016041,50,0
2020-05-01,93,"United Arab Emirates",2020-01-29,12481,552,0.16,0,69,69,91,517,231,27533,0.0486765309128824,74.3980720693262,12897.9546558103,13395.4018908825,13890.0503647127,14381.5061937888,14869.4167352238,15353.4689701209,15833.387757794,16308.9339908226,85,0
2020-05-01,91,"United Kingdom",2020-01-31,172481,6040,0.2,0.45,58,79,71,5382,4655,246552,0.0598062824305797,85.40572488154,175590.01121328,179695.484259953,183730.742851043,187696.756073493,191594.685999546,195425.866515645,199191.780690679,202894.038050579,80,0
2020-05-01,48,"Uruguay",2020-03-14,643,13,1.3,0.38,2,19,6,22,14,625,0.0879384133101286,3.40588279449834,627.005637764991,635.334316545179,643.569874487697,651.719534943434,659.790009468263,667.787526103634,675.717857488527,683.586348503234,0,0
2020-05-01,100,"US",2020-01-22,1069424,29515,0.24,0.09,64,91,75,30923,26339,1444294,0.0616269431813469,151.672566207518,1083185.08360004,1106545.16969956,1129446.7886105,1151901.58822982,1173922.04610654,1195521.2920396,1216712.94853462,1237510.98830365,93,0
2020-05-01,47,"Uzbekistan",2020-03-15,2039,37,0.19,3.91,24,31,30,144,49,2370,0.102754515875745,18.1856375840246,2083.22062604009,2120.91674007584,2157.45289784031,2192.91626469419,2227.38998230377,2260.95281993203,2293.67897435885,2325.63798837766,37,0
2020-05-01,48,"Venezuela",2020-03-14,333,2,0.02,3.83,-4,42,40,10,2,812,0.0273482698256487,3.18686318851621,343.739927494454,348.766923617054,353.773341413912,358.756908494543,363.715456489327,368.646921341121,373.549343246094,378.420866268298,0,0
2020-05-01,99,"Vietnam",2020-01-23,270,0,0.2,1.84,52,71,68,12,1,284,0.0992743112597125,320.206261394875,275.511825795535,276.289089031753,277.047064411333,277.787527524108,278.512094585864,279.222236001255,279.919288909964,280.60446876572,0,0
2020-05-01,57,"West Bank and Gaza",2020-03-05,344,0,0.01,3.21,-184,50,47,18,14,442,0.0984749185783943,15.3993925600135,458.891542072603,466.681375976089,474.381023306446,481.99821310858,489.54007611376,497.013179177267,504.423560123674,511.776762370457,0,0
2020-05-01,26,"Western Sahara",2020-04-05,6,0,5.18,7.2,7,8,7,2,0,144,0.00482632334554707,3.49817860379019,6.34009090337497,6.38984058407242,6.4400863816939,6.4908296401172,6.54207166304581,6.59381371376307,6.64605701489513,6.69880274818268,0,0
2020-05-01,44,"Zambia",2020-03-18,106,9,4.19,0.74,6,9,7,8,2,700,0.0184506956330881,4.37866707664686,106.064745640548,109.084406508791,112.134018041178,115.212864681647,118.320204771562,121.455272135096,124.61727768087,127.805411014527,0,0
2020-05-01,42,"Zimbabwe",2020-03-20,40,8,0.24,4.39,17,27,26,2,1,84,0.0368932906437983,3.93485148497846,39.356143371881,40.5385620965184,41.7164236159856,42.8892001558838,44.0563995672714,45.2175651262253,46.3722751506677,47.5201424542962,0,0
